element_number, cg_x, cg_y, cg_z, element_state, sensitivity_number, FI_max
6, 11.0, 1.0, 0.0, 0, 3.203619245543065e-10, 0
7, 13.0, 1.0, 0.0, 0, 3.33816188470743e-10, 0
8, 15.0, 1.0, 0.0, 0, 2.1900333733203712e-10, 0
9, 17.0, 1.0, 0.0, 0, 1.5853974443498152e-10, 0
10, 19.0, 1.0, 0.0, 0, 1.182964602818515e-10, 0
11, 21.0, 1.0, 0.0, 0, 8.730713615140337e-11, 0
12, 23.0, 1.0, 0.0, 0, 6.427450045455109e-11, 0
13, 25.0, 1.0, 0.0, 0, 4.7340289333278055e-11, 0
14, 27.0, 1.0, 0.0, 0, 3.4704995416247884e-11, 0
15, 29.0, 1.0, 0.0, 0, 2.5138709989990373e-11, 0
16, 31.0, 1.0, 0.0, 0, 1.78791938022484e-11, 0
17, 33.0, 1.0, 0.0, 0, 1.2414792283577275e-11, 0
18, 35.0, 1.0, 0.0, 0, 8.366557475664779e-12, 0
19, 37.0, 1.0, 0.0, 0, 5.4364640479616965e-12, 0
20, 39.0, 1.0, 0.0, 0, 3.380869766972286e-12, 0
21, 41.0, 1.0, 0.0, 0, 1.9979442999194132e-12, 0
22, 43.0, 1.0, 0.0, 0, 1.1281849501203386e-12, 0
23, 45.0, 1.0, 0.0, 0, 5.94412074218056e-13, 0
24, 47.0, 1.0, 0.0, 0, 3.0183328548255416e-13, 0
25, 49.0, 1.0, 0.0, 0, 1.502106233554489e-13, 0
26, 51.0, 1.0, 0.0, 0, 7.67794909353414e-14, 0
27, 53.0, 1.0, 0.0, 0, 4.8065276148540573e-14, 0
28, 55.0, 1.0, 0.0, 0, 3.2729438497444e-14, 0
29, 57.0, 1.0, 0.0, 0, 2.1328196411764187e-14, 0
30, 59.0, 1.0, 0.0, 0, 1.8118292032709765e-14, 0
36, 11.0, 3.0, 0.0, 0, 3.7609495572508526e-10, 0
37, 13.0, 3.0, 0.0, 0, 3.0167630171061364e-10, 0
38, 15.0, 3.0, 0.0, 0, 2.1215941275791767e-10, 0
39, 17.0, 3.0, 0.0, 0, 1.6087129372560622e-10, 0
40, 19.0, 3.0, 0.0, 0, 1.2244551489284959e-10, 0
41, 21.0, 3.0, 0.0, 0, 9.123191695588265e-11, 0
42, 23.0, 3.0, 0.0, 0, 6.832134781265135e-11, 0
43, 25.0, 3.0, 0.0, 0, 5.157096756795038e-11, 0
44, 27.0, 3.0, 0.0, 0, 3.8825394396629925e-11, 0
45, 29.0, 3.0, 0.0, 0, 2.8920793587016345e-11, 0
46, 31.0, 3.0, 0.0, 0, 2.1222073613236745e-11, 0
47, 33.0, 3.0, 0.0, 0, 1.5287382003550176e-11, 0
48, 35.0, 3.0, 0.0, 0, 1.076982619452722e-11, 0
49, 37.0, 3.0, 0.0, 0, 7.388781169963207e-12, 0
50, 39.0, 3.0, 0.0, 0, 4.912485135755731e-12, 0
51, 41.0, 3.0, 0.0, 0, 3.147439723648665e-12, 0
52, 43.0, 3.0, 0.0, 0, 1.936496434704099e-12, 0
53, 45.0, 3.0, 0.0, 0, 1.1386221316884062e-12, 0
54, 47.0, 3.0, 0.0, 0, 6.267485307418128e-13, 0
55, 49.0, 3.0, 0.0, 0, 3.1609840434266577e-13, 0
56, 51.0, 3.0, 0.0, 0, 1.4441504305516248e-13, 0
57, 53.0, 3.0, 0.0, 0, 6.833216539776281e-14, 0
58, 55.0, 3.0, 0.0, 0, 3.813213182262718e-14, 0
59, 57.0, 3.0, 0.0, 0, 2.2675725162590352e-14, 0
60, 59.0, 3.0, 0.0, 0, 2.1256653370759645e-14, 0
66, 11.0, 5.0, 0.0, 0, 3.931273206228659e-10, 0
67, 13.0, 5.0, 0.0, 0, 3.1433868665425473e-10, 0
68, 15.0, 5.0, 0.0, 0, 2.0342240436272875e-10, 0
69, 17.0, 5.0, 0.0, 0, 1.5926699809570471e-10, 0
70, 19.0, 5.0, 0.0, 0, 1.276008409477703e-10, 0
71, 21.0, 5.0, 0.0, 0, 9.801016173490568e-11, 0
72, 23.0, 5.0, 0.0, 0, 7.684095750330023e-11, 0
73, 25.0, 5.0, 0.0, 0, 6.086321726474169e-11, 0
74, 27.0, 5.0, 0.0, 0, 4.7859083277609915e-11, 0
75, 29.0, 5.0, 0.0, 0, 3.7200725340071447e-11, 0
76, 31.0, 5.0, 0.0, 0, 2.8561896465684343e-11, 0
77, 33.0, 5.0, 0.0, 0, 2.1622748562219523e-11, 0
78, 35.0, 5.0, 0.0, 0, 1.6097246505238863e-11, 0
79, 37.0, 5.0, 0.0, 0, 1.1743294316152989e-11, 0
80, 39.0, 5.0, 0.0, 0, 8.355536308351367e-12, 0
81, 41.0, 5.0, 0.0, 0, 5.760913357167417e-12, 0
82, 43.0, 5.0, 0.0, 0, 3.814730353266805e-12, 0
83, 45.0, 5.0, 0.0, 0, 2.396046469246491e-12, 0
84, 47.0, 5.0, 0.0, 0, 1.4029583847967998e-12, 0
85, 49.0, 5.0, 0.0, 0, 7.502880476858656e-13, 0
86, 51.0, 5.0, 0.0, 0, 3.600355166761223e-13, 0
87, 53.0, 5.0, 0.0, 0, 1.533563054236374e-13, 0
88, 55.0, 5.0, 0.0, 0, 6.01939428698541e-14, 0
89, 57.0, 5.0, 0.0, 0, 3.8113989502834137e-14, 0
90, 59.0, 5.0, 0.0, 0, 3.250176180805483e-14, 0
96, 11.0, 7.0, 0.0, 0, 3.919011625780069e-05, 0
97, 13.0, 7.0, 0.0, 0, 1.727225386697618e-05, 0
98, 15.0, 7.0, 0.0, 0, 1.9392850414190904e-06, 0
99, 17.0, 7.0, 0.0, 0, 1.3436317681743292e-10, 0
100, 19.0, 7.0, 0.0, 0, 1.2556746695711004e-10, 0
101, 21.0, 7.0, 0.0, 0, 1.0218145468693787e-10, 0
102, 23.0, 7.0, 0.0, 0, 8.56587058093577e-11, 0
103, 25.0, 7.0, 0.0, 0, 7.100004044727904e-11, 0
104, 27.0, 7.0, 0.0, 0, 5.7758077498694846e-11, 0
105, 29.0, 7.0, 0.0, 0, 4.641736483875451e-11, 0
106, 31.0, 7.0, 0.0, 0, 3.688766161342084e-11, 0
107, 33.0, 7.0, 0.0, 0, 2.8934755066529796e-11, 0
108, 35.0, 7.0, 0.0, 0, 2.2358439728146606e-11, 0
109, 37.0, 7.0, 0.0, 0, 1.697145288805731e-11, 0
110, 39.0, 7.0, 0.0, 0, 1.2600911174030199e-11, 0
111, 41.0, 7.0, 0.0, 0, 9.098471595973572e-12, 0
112, 43.0, 7.0, 0.0, 0, 6.3401797170046e-12, 0
113, 45.0, 7.0, 0.0, 0, 4.2211602190084686e-12, 0
114, 47.0, 7.0, 0.0, 0, 2.6495451975439943e-12, 0
115, 49.0, 7.0, 0.0, 0, 1.5403070794310784e-12, 0
116, 51.0, 7.0, 0.0, 0, 8.104543849840301e-13, 0
117, 53.0, 7.0, 0.0, 0, 3.7667946599902787e-13, 0
118, 55.0, 7.0, 0.0, 0, 1.5391797901713278e-13, 0
119, 57.0, 7.0, 0.0, 0, 6.854738112678808e-14, 0
120, 59.0, 7.0, 0.0, 0, 4.779864458996155e-14, 0
126, 11.0, 9.0, 0.0, 1, 4.705589929092633e-05, 0
127, 13.0, 9.0, 0.0, 1, 5.078890674718958e-05, 0
128, 15.0, 9.0, 0.0, 0, 1.4448693814333425e-05, 0
129, 17.0, 9.0, 0.0, 0, 1.8855318428243935e-06, 0
130, 19.0, 9.0, 0.0, 0, 1.354137894294731e-10, 0
131, 21.0, 9.0, 0.0, 0, 1.1038882089084394e-10, 0
132, 23.0, 9.0, 0.0, 0, 9.706860357906622e-11, 0
133, 25.0, 9.0, 0.0, 0, 8.185226135377911e-11, 0
134, 27.0, 9.0, 0.0, 0, 6.803688583157917e-11, 0
135, 29.0, 9.0, 0.0, 0, 5.6190080637072493e-11, 0
136, 31.0, 9.0, 0.0, 0, 4.5852495505295544e-11, 0
137, 33.0, 9.0, 0.0, 0, 3.691707125256884e-11, 0
138, 35.0, 9.0, 0.0, 0, 2.931371966679864e-11, 0
139, 37.0, 9.0, 0.0, 0, 2.290107419604408e-11, 0
140, 39.0, 9.0, 0.0, 0, 1.7534693492536128e-11, 0
141, 41.0, 9.0, 0.0, 0, 1.3094347069048728e-11, 0
142, 43.0, 9.0, 0.0, 0, 9.479282378787315e-12, 0
143, 45.0, 9.0, 0.0, 0, 6.6014240719636945e-12, 0
144, 47.0, 9.0, 0.0, 0, 4.379292688749097e-12, 0
145, 49.0, 9.0, 0.0, 0, 2.7317118505760284e-12, 0
146, 51.0, 9.0, 0.0, 0, 1.572718666106964e-12, 0
147, 53.0, 9.0, 0.0, 0, 8.112790509257615e-13, 0
148, 55.0, 9.0, 0.0, 0, 3.621815008824448e-13, 0
149, 57.0, 9.0, 0.0, 0, 1.4582188798543123e-13, 0
150, 59.0, 9.0, 0.0, 0, 7.762807876994717e-14, 0
156, 11.0, 11.0, 0.0, 1, 0.00010669468402678758, 0
157, 13.0, 11.0, 0.0, 1, 8.293403401995678e-05, 0
158, 15.0, 11.0, 0.0, 1, 4.741451298105333e-05, 0
159, 17.0, 11.0, 0.0, 0, 1.546224642621632e-05, 0
160, 19.0, 11.0, 0.0, 0, 4.582910197808609e-09, 0
161, 21.0, 11.0, 0.0, 0, 1.245435153382966e-10, 0
162, 23.0, 11.0, 0.0, 0, 1.1110191233232253e-10, 0
163, 25.0, 11.0, 0.0, 0, 9.19751770207556e-11, 0
164, 27.0, 11.0, 0.0, 0, 7.844637249426435e-11, 0
165, 29.0, 11.0, 0.0, 0, 6.638232062032041e-11, 0
166, 31.0, 11.0, 0.0, 0, 5.519176964718548e-11, 0
167, 33.0, 11.0, 0.0, 0, 4.533811751852783e-11, 0
168, 35.0, 11.0, 0.0, 0, 3.6806765662058955e-11, 0
169, 37.0, 11.0, 0.0, 0, 2.943312309250548e-11, 0
170, 39.0, 11.0, 0.0, 0, 2.3104499909997518e-11, 0
171, 41.0, 11.0, 0.0, 0, 1.7736700882894202e-11, 0
172, 43.0, 11.0, 0.0, 0, 1.325355973052014e-11, 0
173, 45.0, 11.0, 0.0, 0, 9.58430456472829e-12, 0
174, 47.0, 11.0, 0.0, 0, 6.658667246919992e-12, 0
175, 49.0, 11.0, 0.0, 0, 4.400677322481705e-12, 0
176, 51.0, 11.0, 0.0, 0, 2.725075985406016e-12, 0
177, 53.0, 11.0, 0.0, 0, 1.5387393226373789e-12, 0
178, 55.0, 11.0, 0.0, 0, 7.538708667536089e-13, 0
179, 57.0, 11.0, 0.0, 0, 3.2025970172706635e-13, 0
180, 59.0, 11.0, 0.0, 0, 1.5369756966397498e-13, 0
186, 11.0, 13.0, 0.0, 1, 0.00011480380740112333, 0
187, 13.0, 13.0, 0.0, 1, 0.00010512414255908147, 0
188, 15.0, 13.0, 0.0, 1, 6.841817390398466e-05, 0
189, 17.0, 13.0, 0.0, 0, 5.406591429101779e-05, 0
190, 19.0, 13.0, 0.0, 0, 1.3975955155749293e-05, 0
191, 21.0, 13.0, 0.0, 0, 1.075846301396749e-06, 0
192, 23.0, 13.0, 0.0, 0, 1.2281832705422796e-10, 0
193, 25.0, 13.0, 0.0, 0, 1.0141184972394345e-10, 0
194, 27.0, 13.0, 0.0, 0, 8.993789755741039e-11, 0
195, 29.0, 13.0, 0.0, 0, 7.676526251949868e-11, 0
196, 31.0, 13.0, 0.0, 0, 6.45351296942512e-11, 0
197, 33.0, 13.0, 0.0, 0, 5.403346072166852e-11, 0
198, 35.0, 13.0, 0.0, 0, 4.47450889134711e-11, 0
199, 37.0, 13.0, 0.0, 0, 3.649968833759922e-11, 0
200, 39.0, 13.0, 0.0, 0, 2.927585458909938e-11, 0
201, 41.0, 13.0, 0.0, 0, 2.302391995215558e-11, 0
202, 43.0, 13.0, 0.0, 0, 1.768727976705442e-11, 0
203, 45.0, 13.0, 0.0, 0, 1.3214447390996138e-11, 0
204, 47.0, 13.0, 0.0, 0, 9.548231509302522e-12, 0
205, 49.0, 13.0, 0.0, 0, 6.618941209910583e-12, 0
206, 51.0, 13.0, 0.0, 0, 4.344219103572779e-12, 0
207, 53.0, 13.0, 0.0, 0, 2.633934626687864e-12, 0
208, 55.0, 13.0, 0.0, 0, 1.4042122154208812e-12, 0
209, 57.0, 13.0, 0.0, 0, 6.347573114640337e-13, 0
210, 59.0, 13.0, 0.0, 0, 3.1172756211637897e-13, 0
211, 1.0, 15.0, 0.0, 1, 8.368770909802475e-05, 0
212, 3.0, 15.0, 0.0, 1, 8.911988907763557e-05, 0
213, 5.0, 15.0, 0.0, 1, 0.00012428928660117327, 0
214, 7.0, 15.0, 0.0, 1, 0.00012154985584322531, 0
215, 9.0, 15.0, 0.0, 1, 0.00011868427836506974, 0
216, 11.0, 15.0, 0.0, 1, 0.000115566844957797, 0
217, 13.0, 15.0, 0.0, 1, 0.00011500030848300766, 0
218, 15.0, 15.0, 0.0, 1, 0.0001099067638766225, 0
219, 17.0, 15.0, 0.0, 1, 7.373341096263611e-05, 0
220, 19.0, 15.0, 0.0, 1, 5.3237302226270904e-05, 0
221, 21.0, 15.0, 0.0, 0, 1.3606844457175178e-05, 0
222, 23.0, 15.0, 0.0, 0, 4.673839807263246e-10, 0
223, 25.0, 15.0, 0.0, 0, 1.1393560154929848e-10, 0
224, 27.0, 15.0, 0.0, 0, 1.0321116309346133e-10, 0
225, 29.0, 15.0, 0.0, 0, 8.59290070677621e-11, 0
226, 31.0, 15.0, 0.0, 0, 7.366597498422791e-11, 0
227, 33.0, 15.0, 0.0, 0, 6.305474435444377e-11, 0
228, 35.0, 15.0, 0.0, 0, 5.305532030514077e-11, 0
229, 37.0, 15.0, 0.0, 0, 4.402004450563704e-11, 0
230, 39.0, 15.0, 0.0, 0, 3.601044904036496e-11, 0
231, 41.0, 15.0, 0.0, 0, 2.8943655477377892e-11, 0
232, 43.0, 15.0, 0.0, 0, 2.278479215668594e-11, 0
233, 45.0, 15.0, 0.0, 0, 1.751298846730384e-11, 0
234, 47.0, 15.0, 0.0, 0, 1.3085468518773568e-11, 0
235, 49.0, 15.0, 0.0, 0, 9.437820167426914e-12, 0
236, 51.0, 15.0, 0.0, 0, 6.491812277711516e-12, 0
237, 53.0, 15.0, 0.0, 0, 4.164061731996066e-12, 0
238, 55.0, 15.0, 0.0, 0, 2.382801031008815e-12, 0
239, 57.0, 15.0, 0.0, 0, 1.1479617797760513e-12, 0
240, 59.0, 15.0, 0.0, 0, 6.101558561831068e-13, 0
241, 1.0, 17.0, 0.0, 1, 6.108725518302286e-05, 0
242, 3.0, 17.0, 0.0, 1, 7.353561758017967e-05, 0
243, 5.0, 17.0, 0.0, 1, 0.0001130198140037054, 0
244, 7.0, 17.0, 0.0, 1, 0.000122113189127184, 0
245, 9.0, 17.0, 0.0, 1, 0.00011730300225384275, 0
246, 11.0, 17.0, 0.0, 1, 0.00011256569183088776, 0
247, 13.0, 17.0, 0.0, 1, 0.00011079657604952592, 0
248, 15.0, 17.0, 0.0, 1, 0.00011557537311046373, 0
249, 17.0, 17.0, 0.0, 1, 0.00010799904867775298, 0
250, 19.0, 17.0, 0.0, 1, 7.433513774905169e-05, 0
251, 21.0, 17.0, 0.0, 0, 5.193296598879624e-05, 0
252, 23.0, 17.0, 0.0, 0, 1.3445046618292374e-05, 0
253, 25.0, 17.0, 0.0, 0, 1.0546165743550972e-06, 0
254, 27.0, 17.0, 0.0, 0, 1.1362354856457649e-10, 0
255, 29.0, 17.0, 0.0, 0, 9.405030227958673e-11, 0
256, 31.0, 17.0, 0.0, 0, 8.39292691288713e-11, 0
257, 33.0, 17.0, 0.0, 0, 7.24924361101553e-11, 0
258, 35.0, 17.0, 0.0, 0, 6.148533360138838e-11, 0
259, 37.0, 17.0, 0.0, 0, 5.1899265297165287e-11, 0
260, 39.0, 17.0, 0.0, 0, 4.327666744802713e-11, 0
261, 41.0, 17.0, 0.0, 0, 3.545939884283239e-11, 0
262, 43.0, 17.0, 0.0, 0, 2.8515039145483855e-11, 0
263, 45.0, 17.0, 0.0, 0, 2.246784125237675e-11, 0
264, 47.0, 17.0, 0.0, 0, 1.7279450467836536e-11, 0
265, 49.0, 17.0, 0.0, 0, 1.2885676430080978e-11, 0
266, 51.0, 17.0, 0.0, 0, 9.213235195604349e-12, 0
267, 53.0, 17.0, 0.0, 0, 6.189443665371005e-12, 0
268, 55.0, 17.0, 0.0, 0, 3.7603767715744855e-12, 0
269, 57.0, 17.0, 0.0, 0, 1.9399017712060667e-12, 0
270, 59.0, 17.0, 0.0, 0, 1.15681954794751e-12, 0
271, 1.0, 19.0, 0.0, 0, 1.6198696173074893e-05, 0
272, 3.0, 19.0, 0.0, 0, 4.822380520701595e-05, 0
273, 5.0, 19.0, 0.0, 1, 7.27364821468373e-05, 0
274, 7.0, 19.0, 0.0, 1, 0.00011263036081449356, 0
275, 9.0, 19.0, 0.0, 1, 0.0001185053755053491, 0
276, 11.0, 19.0, 0.0, 1, 0.00011178855884448228, 0
277, 13.0, 19.0, 0.0, 1, 0.0001114031842737642, 0
278, 15.0, 19.0, 0.0, 1, 0.00011451023487936087, 0
279, 17.0, 19.0, 0.0, 1, 0.00011704055626040661, 0
280, 19.0, 19.0, 0.0, 1, 0.0001111399798930071, 0
281, 21.0, 19.0, 0.0, 1, 7.309063755526842e-05, 0
282, 23.0, 19.0, 0.0, 1, 5.158209076035113e-05, 0
283, 25.0, 19.0, 0.0, 0, 1.3270346512663322e-05, 0
284, 27.0, 19.0, 0.0, 0, 2.196119845736435e-10, 0
285, 29.0, 19.0, 0.0, 0, 1.0846523111199116e-10, 0
286, 31.0, 19.0, 0.0, 0, 9.713120271737928e-11, 0
287, 33.0, 19.0, 0.0, 0, 8.103614195910742e-11, 0
288, 35.0, 19.0, 0.0, 0, 6.969337514405892e-11, 0
289, 37.0, 19.0, 0.0, 0, 6.022099085619065e-11, 0
290, 39.0, 19.0, 0.0, 0, 5.104491490536987e-11, 0
291, 41.0, 19.0, 0.0, 0, 4.247317753719708e-11, 0
292, 43.0, 19.0, 0.0, 0, 3.479840384601592e-11, 0
293, 45.0, 19.0, 0.0, 0, 2.8033637778349684e-11, 0
294, 47.0, 19.0, 0.0, 0, 2.2114417387995634e-11, 0
295, 49.0, 19.0, 0.0, 0, 1.697234066682953e-11, 0
296, 51.0, 19.0, 0.0, 0, 1.2542117414676488e-11, 0
297, 53.0, 19.0, 0.0, 0, 8.766905609789976e-12, 0
298, 55.0, 19.0, 0.0, 0, 5.6166807287100035e-12, 0
299, 57.0, 19.0, 0.0, 0, 3.129569296678294e-12, 0
300, 59.0, 19.0, 0.0, 0, 2.033404880065754e-12, 0
301, 1.0, 21.0, 0.0, 0, 2.344571589853071e-10, 0
302, 3.0, 21.0, 0.0, 0, 1.2076449178807053e-05, 0
303, 5.0, 21.0, 0.0, 0, 5.543987299536588e-05, 0
304, 7.0, 21.0, 0.0, 1, 7.364610792032878e-05, 0
305, 9.0, 21.0, 0.0, 1, 0.00011269360146344331, 0
306, 11.0, 21.0, 0.0, 1, 0.00011536356545231415, 0
307, 13.0, 21.0, 0.0, 1, 0.00011245030926111212, 0
308, 15.0, 21.0, 0.0, 1, 0.00011289559832891152, 0
309, 17.0, 21.0, 0.0, 1, 0.00011264033649625648, 0
310, 19.0, 21.0, 0.0, 1, 0.0001154619247608972, 0
311, 21.0, 21.0, 0.0, 1, 0.00010583534142137203, 0
312, 23.0, 21.0, 0.0, 1, 7.197067808887465e-05, 0
313, 25.0, 21.0, 0.0, 0, 5.046350478501573e-05, 0
314, 27.0, 21.0, 0.0, 0, 1.306015760279016e-05, 0
315, 29.0, 21.0, 0.0, 0, 1.0205335195952278e-06, 0
316, 31.0, 21.0, 0.0, 0, 1.057926173575493e-10, 0
317, 33.0, 21.0, 0.0, 0, 8.773202609552627e-11, 0
318, 35.0, 21.0, 0.0, 0, 7.88177002718448e-11, 0
319, 37.0, 21.0, 0.0, 0, 6.92719949983275e-11, 0
320, 39.0, 21.0, 0.0, 0, 5.907034809863652e-11, 0
321, 41.0, 21.0, 0.0, 0, 4.9769984959561955e-11, 0
322, 43.0, 21.0, 0.0, 0, 4.151574408915725e-11, 0
323, 45.0, 21.0, 0.0, 0, 3.414667105923279e-11, 0
324, 47.0, 21.0, 0.0, 0, 2.7561633996698806e-11, 0
325, 49.0, 21.0, 0.0, 0, 2.1697920844429165e-11, 0
326, 51.0, 21.0, 0.0, 0, 1.650685284886057e-11, 0
327, 53.0, 21.0, 0.0, 0, 1.1954325571624746e-11, 0
328, 55.0, 21.0, 0.0, 0, 8.040361560752013e-12, 0
329, 57.0, 21.0, 0.0, 0, 4.84163231923634e-12, 0
330, 59.0, 21.0, 0.0, 0, 3.417299825067056e-12, 0
331, 1.0, 23.0, 0.0, 0, 1.5084558691929283e-10, 0
332, 3.0, 23.0, 0.0, 0, 1.4680624694306306e-10, 0
333, 5.0, 23.0, 0.0, 0, 1.3440311328833026e-05, 0
334, 7.0, 23.0, 0.0, 0, 5.7697051530573916e-05, 0
335, 9.0, 23.0, 0.0, 1, 7.198637949977587e-05, 0
336, 11.0, 23.0, 0.0, 1, 0.00010455382345434243, 0
337, 13.0, 23.0, 0.0, 1, 0.00010896638135978304, 0
338, 15.0, 23.0, 0.0, 1, 0.00010985114416313282, 0
339, 17.0, 23.0, 0.0, 1, 0.00010932426968285545, 0
340, 19.0, 23.0, 0.0, 1, 0.0001111405935041879, 0
341, 21.0, 23.0, 0.0, 1, 0.00011319429385218842, 0
342, 23.0, 23.0, 0.0, 1, 0.00010752516327356757, 0
343, 25.0, 23.0, 0.0, 1, 7.058500882133574e-05, 0
344, 27.0, 23.0, 0.0, 1, 4.979397148487061e-05, 0
345, 29.0, 23.0, 0.0, 0, 1.2732366920135754e-05, 0
346, 31.0, 23.0, 0.0, 0, 1.4347471668680246e-10, 0
347, 33.0, 23.0, 0.0, 0, 1.0151415790408221e-10, 0
348, 35.0, 23.0, 0.0, 0, 9.108823414221946e-11, 0
349, 37.0, 23.0, 0.0, 0, 7.797099350885053e-11, 0
350, 39.0, 23.0, 0.0, 0, 6.663013519014907e-11, 0
351, 41.0, 23.0, 0.0, 0, 5.7108364326206904e-11, 0
352, 43.0, 23.0, 0.0, 0, 4.8573351956021705e-11, 0
353, 45.0, 23.0, 0.0, 0, 4.0757530207191966e-11, 0
354, 47.0, 23.0, 0.0, 0, 3.359706674626913e-11, 0
355, 49.0, 23.0, 0.0, 0, 2.7063180787273105e-11, 0
356, 51.0, 23.0, 0.0, 0, 2.1136802449124334e-11, 0
357, 53.0, 23.0, 0.0, 0, 1.5814002833838083e-11, 0
358, 55.0, 23.0, 0.0, 0, 1.1130064860891188e-11, 0
359, 57.0, 23.0, 0.0, 0, 7.205273706010802e-12, 0
360, 59.0, 23.0, 0.0, 0, 5.446131279200523e-12, 0
361, 1.0, 25.0, 0.0, 0, 9.588949164950748e-11, 0
362, 3.0, 25.0, 0.0, 0, 1.0173943448856624e-10, 0
363, 5.0, 25.0, 0.0, 0, 1.304841905448146e-10, 0
364, 7.0, 25.0, 0.0, 0, 1.6905561927130032e-05, 0
365, 9.0, 25.0, 0.0, 1, 5.00945034027651e-05, 0
366, 11.0, 25.0, 0.0, 1, 7.887002791167195e-05, 0
367, 13.0, 25.0, 0.0, 1, 9.873338762912798e-05, 0
368, 15.0, 25.0, 0.0, 1, 0.00010538743771664877, 0
369, 17.0, 25.0, 0.0, 1, 0.00010448619725619359, 0
370, 19.0, 25.0, 0.0, 1, 0.0001058713813287913, 0
371, 21.0, 25.0, 0.0, 1, 0.00010758182865875906, 0
372, 23.0, 25.0, 0.0, 1, 0.0001114538655142117, 0
373, 25.0, 25.0, 0.0, 1, 0.00010221425753089263, 0
374, 27.0, 25.0, 0.0, 1, 6.915456445910275e-05, 0
375, 29.0, 25.0, 0.0, 0, 4.793971458307456e-05, 0
376, 31.0, 25.0, 0.0, 0, 1.2245961414956895e-05, 0
377, 33.0, 25.0, 0.0, 0, 9.503527531593851e-07, 0
378, 35.0, 25.0, 0.0, 0, 9.599740386494952e-11, 0
379, 37.0, 25.0, 0.0, 0, 8.349752457645416e-11, 0
380, 39.0, 25.0, 0.0, 0, 7.347917248121044e-11, 0
381, 41.0, 25.0, 0.0, 0, 6.456186673218573e-11, 0
382, 43.0, 25.0, 0.0, 0, 5.5994508360640656e-11, 0
383, 45.0, 25.0, 0.0, 0, 4.786329878750443e-11, 0
384, 47.0, 25.0, 0.0, 0, 4.021635992398035e-11, 0
385, 49.0, 25.0, 0.0, 0, 3.3077434917716166e-11, 0
386, 51.0, 25.0, 0.0, 0, 2.646608999399994e-11, 0
387, 53.0, 25.0, 0.0, 0, 2.0413808862189085e-11, 0
388, 55.0, 25.0, 0.0, 0, 1.4993914845046265e-11, 0
389, 57.0, 25.0, 0.0, 0, 1.0372240907512299e-11, 0
390, 59.0, 25.0, 0.0, 0, 8.292635417993507e-12, 0
391, 1.0, 27.0, 0.0, 0, 6.403857478786735e-11, 0
392, 3.0, 27.0, 0.0, 0, 6.823792510933625e-11, 0
393, 5.0, 27.0, 0.0, 0, 7.726950300075399e-11, 0
394, 7.0, 27.0, 0.0, 0, 2.4083929453220087e-06, 0
395, 9.0, 27.0, 0.0, 0, 1.8543090565788154e-05, 0
396, 11.0, 27.0, 0.0, 1, 4.6876072218548914e-05, 0
397, 13.0, 27.0, 0.0, 1, 7.285019041726812e-05, 0
398, 15.0, 27.0, 0.0, 1, 9.888121273246924e-05, 0
399, 17.0, 27.0, 0.0, 1, 0.00010214420618181755, 0
400, 19.0, 27.0, 0.0, 1, 0.00010249004619725279, 0
401, 21.0, 27.0, 0.0, 1, 0.00010502385168294036, 0
402, 23.0, 27.0, 0.0, 1, 0.00010794009283953497, 0
403, 25.0, 27.0, 0.0, 1, 0.0001095985798223643, 0
404, 27.0, 27.0, 0.0, 1, 0.00010302100567867497, 0
405, 29.0, 27.0, 0.0, 1, 6.657166875138296e-05, 0
406, 31.0, 27.0, 0.0, 1, 4.589997068681641e-05, 0
407, 33.0, 27.0, 0.0, 0, 1.1421493837425063e-05, 0
408, 35.0, 27.0, 0.0, 0, 1.1688234395237603e-10, 0
409, 37.0, 27.0, 0.0, 0, 9.114479872561007e-11, 0
410, 39.0, 27.0, 0.0, 0, 8.144226873737627e-11, 0
411, 41.0, 27.0, 0.0, 0, 7.257784264476959e-11, 0
412, 43.0, 27.0, 0.0, 0, 6.389891711403969e-11, 0
413, 45.0, 27.0, 0.0, 0, 5.550197103272023e-11, 0
414, 47.0, 27.0, 0.0, 0, 4.7436585029586415e-11, 0
415, 49.0, 27.0, 0.0, 0, 3.9760412077819865e-11, 0
416, 51.0, 27.0, 0.0, 0, 3.253368870162232e-11, 0
417, 53.0, 27.0, 0.0, 0, 2.5825502608316294e-11, 0
418, 55.0, 27.0, 0.0, 0, 1.9747023700049974e-11, 0
419, 57.0, 27.0, 0.0, 0, 1.45080944169524e-11, 0
420, 59.0, 27.0, 0.0, 0, 1.2147867012193393e-11, 0
421, 1.0, 29.0, 0.0, 0, 4.5145652447292725e-11, 0
422, 3.0, 29.0, 0.0, 0, 4.978127680862056e-11, 0
423, 5.0, 29.0, 0.0, 0, 5.856708450682209e-11, 0
424, 7.0, 29.0, 0.0, 0, 6.275398584370624e-11, 0
425, 9.0, 29.0, 0.0, 0, 3.688103799957196e-06, 0
426, 11.0, 29.0, 0.0, 0, 2.2675155866210213e-05, 0
427, 13.0, 29.0, 0.0, 1, 5.274664369718377e-05, 0
428, 15.0, 29.0, 0.0, 1, 7.378755270201842e-05, 0
429, 17.0, 29.0, 0.0, 1, 9.526559681968105e-05, 0
430, 19.0, 29.0, 0.0, 1, 9.861478299764598e-05, 0
431, 21.0, 29.0, 0.0, 1, 0.00010166544326941916, 0
432, 23.0, 29.0, 0.0, 1, 0.00010368678916087503, 0
433, 25.0, 29.0, 0.0, 1, 0.00010472655764577274, 0
434, 27.0, 29.0, 0.0, 1, 0.00010742827832793423, 0
435, 29.0, 29.0, 0.0, 1, 9.764304767867256e-05, 0
436, 31.0, 29.0, 0.0, 1, 6.731684133807696e-05, 0
437, 33.0, 29.0, 0.0, 0, 4.5006048376734336e-05, 0
438, 35.0, 29.0, 0.0, 0, 1.0625210819513116e-05, 0
439, 37.0, 29.0, 0.0, 0, 2.818051262402872e-08, 0
440, 39.0, 29.0, 0.0, 0, 9.029698122770186e-11, 0
441, 41.0, 29.0, 0.0, 0, 8.110557192806501e-11, 0
442, 43.0, 29.0, 0.0, 0, 7.231310573202939e-11, 0
443, 45.0, 29.0, 0.0, 0, 6.371131338597636e-11, 0
444, 47.0, 29.0, 0.0, 0, 5.528715782732287e-11, 0
445, 49.0, 29.0, 0.0, 0, 4.714048223193251e-11, 0
446, 51.0, 29.0, 0.0, 0, 3.9380859372479354e-11, 0
447, 53.0, 29.0, 0.0, 0, 3.2120286842194404e-11, 0
448, 55.0, 29.0, 0.0, 0, 2.550661952640861e-11, 0
449, 57.0, 29.0, 0.0, 0, 1.97885101986953e-11, 0
450, 59.0, 29.0, 0.0, 0, 1.721776984422628e-11, 0
451, 1.0, 31.0, 0.0, 0, 3.14752764877513e-11, 0
452, 3.0, 31.0, 0.0, 0, 3.553380220899094e-11, 0
453, 5.0, 31.0, 0.0, 0, 4.402989852588016e-11, 0
454, 7.0, 31.0, 0.0, 0, 5.3902180287138477e-11, 0
455, 9.0, 31.0, 0.0, 0, 7.257779796634761e-11, 0
456, 11.0, 31.0, 0.0, 0, 3.804989316225335e-06, 0
457, 13.0, 31.0, 0.0, 0, 2.6449383196225866e-05, 0
458, 15.0, 31.0, 0.0, 1, 5.1283541435493353e-05, 0
459, 17.0, 31.0, 0.0, 1, 7.920497173075788e-05, 0
460, 19.0, 31.0, 0.0, 1, 9.240880966163419e-05, 0
461, 21.0, 31.0, 0.0, 1, 9.69724573809693e-05, 0
462, 23.0, 31.0, 0.0, 1, 0.00010000513925782721, 0
463, 25.0, 31.0, 0.0, 1, 0.00010250183732970744, 0
464, 27.0, 31.0, 0.0, 1, 0.00010512215040655533, 0
465, 29.0, 31.0, 0.0, 1, 0.00010585330631865508, 0
466, 31.0, 31.0, 0.0, 1, 9.785419868732029e-05, 0
467, 33.0, 31.0, 0.0, 1, 6.159050809076899e-05, 0
468, 35.0, 31.0, 0.0, 0, 4.463019129627149e-05, 0
469, 37.0, 31.0, 0.0, 0, 9.845427256053457e-06, 0
470, 39.0, 31.0, 0.0, 0, 1.96602992297228e-10, 0
471, 41.0, 31.0, 0.0, 0, 8.987087965498173e-11, 0
472, 43.0, 31.0, 0.0, 0, 8.11973026724437e-11, 0
473, 45.0, 31.0, 0.0, 0, 7.252517318468736e-11, 0
474, 47.0, 31.0, 0.0, 0, 6.381892455557637e-11, 0
475, 49.0, 31.0, 0.0, 0, 5.526021883903743e-11, 0
476, 51.0, 31.0, 0.0, 0, 4.7049519651091155e-11, 0
477, 53.0, 31.0, 0.0, 0, 3.936278780824093e-11, 0
478, 55.0, 31.0, 0.0, 0, 3.2384523851993616e-11, 0
479, 57.0, 31.0, 0.0, 0, 2.639378466443944e-11, 0
480, 59.0, 31.0, 0.0, 0, 2.3718742173602625e-11, 0
481, 1.0, 33.0, 0.0, 0, 2.131509812192713e-11, 0
482, 3.0, 33.0, 0.0, 0, 2.4571147700514476e-11, 0
483, 5.0, 33.0, 0.0, 0, 3.2028292315033844e-11, 0
484, 7.0, 33.0, 0.0, 0, 4.158484608229412e-11, 0
485, 9.0, 33.0, 0.0, 0, 5.528469122545883e-11, 0
486, 11.0, 33.0, 0.0, 0, 7.961526255468488e-11, 0
487, 13.0, 33.0, 0.0, 0, 5.582362605368281e-06, 0
488, 15.0, 33.0, 0.0, 0, 2.9085526340237545e-05, 0
489, 17.0, 33.0, 0.0, 1, 4.894283727547869e-05, 0
490, 19.0, 33.0, 0.0, 1, 7.895135413369944e-05, 0
491, 21.0, 33.0, 0.0, 1, 9.222694745853008e-05, 0
492, 23.0, 33.0, 0.0, 1, 9.660044579892744e-05, 0
493, 25.0, 33.0, 0.0, 1, 9.981759480030395e-05, 0
494, 27.0, 33.0, 0.0, 1, 0.00010177494484050009, 0
495, 29.0, 33.0, 0.0, 1, 0.00010214639971652475, 0
496, 31.0, 33.0, 0.0, 1, 0.00010346486361419884, 0
497, 33.0, 33.0, 0.0, 1, 9.483948518814767e-05, 0
498, 35.0, 33.0, 0.0, 1, 6.245192537418063e-05, 0
499, 37.0, 33.0, 0.0, 0, 4.233633502574593e-05, 0
500, 39.0, 33.0, 0.0, 0, 9.453129790260478e-06, 0
501, 41.0, 33.0, 0.0, 0, 6.950788262927176e-09, 0
502, 43.0, 33.0, 0.0, 0, 9.050040197508614e-11, 0
503, 45.0, 33.0, 0.0, 0, 8.206257603374963e-11, 0
504, 47.0, 33.0, 0.0, 0, 7.316298136430277e-11, 0
505, 49.0, 33.0, 0.0, 0, 6.419998352741009e-11, 0
506, 51.0, 33.0, 0.0, 0, 5.558481760488836e-11, 0
507, 53.0, 33.0, 0.0, 0, 4.760472499790703e-11, 0
508, 55.0, 33.0, 0.0, 0, 4.047811774459578e-11, 0
509, 57.0, 33.0, 0.0, 0, 3.449939309194847e-11, 0
510, 59.0, 33.0, 0.0, 0, 3.186751532569206e-11, 0
511, 1.0, 35.0, 0.0, 0, 1.4481115699191792e-11, 0
512, 3.0, 35.0, 0.0, 0, 1.7307154482717862e-11, 0
513, 5.0, 35.0, 0.0, 0, 2.43973847529298e-11, 0
514, 7.0, 35.0, 0.0, 0, 3.514292812661788e-11, 0
515, 9.0, 35.0, 0.0, 0, 4.979289793202184e-11, 0
516, 11.0, 35.0, 0.0, 0, 6.856392592140127e-11, 0
517, 13.0, 35.0, 0.0, 0, 8.217292274561208e-11, 0
518, 15.0, 35.0, 0.0, 0, 6.761800806285809e-06, 0
519, 17.0, 35.0, 0.0, 0, 3.235428331490281e-05, 0
520, 19.0, 35.0, 0.0, 1, 5.085645074704085e-05, 0
521, 21.0, 35.0, 0.0, 1, 8.141278509979887e-05, 0
522, 23.0, 35.0, 0.0, 1, 9.382986104395384e-05, 0
523, 25.0, 35.0, 0.0, 1, 9.719564007657449e-05, 0
524, 27.0, 35.0, 0.0, 1, 9.909770073966251e-05, 0
525, 29.0, 35.0, 0.0, 1, 9.99004227121996e-05, 0
526, 31.0, 35.0, 0.0, 1, 0.00010079474946653835, 0
527, 33.0, 35.0, 0.0, 1, 0.00010184499487607852, 0
528, 35.0, 35.0, 0.0, 1, 9.282466500278521e-05, 0
529, 37.0, 35.0, 0.0, 1, 6.025187581550279e-05, 0
530, 39.0, 35.0, 0.0, 0, 4.130651617221374e-05, 0
531, 41.0, 35.0, 0.0, 0, 9.35082994956041e-06, 0
532, 43.0, 35.0, 0.0, 0, 1.410392884092165e-10, 0
533, 45.0, 35.0, 0.0, 0, 9.287798677289389e-11, 0
534, 47.0, 35.0, 0.0, 0, 8.366082640571407e-11, 0
535, 49.0, 35.0, 0.0, 0, 7.411726773126727e-11, 0
536, 51.0, 35.0, 0.0, 0, 6.503725039427377e-11, 0
537, 53.0, 35.0, 0.0, 0, 5.6883135122288826e-11, 0
538, 55.0, 35.0, 0.0, 0, 4.9862682687216386e-11, 0
539, 57.0, 35.0, 0.0, 0, 4.426156973068938e-11, 0
540, 59.0, 35.0, 0.0, 0, 4.1859196922240124e-11, 0
541, 1.0, 37.0, 0.0, 0, 9.837714327756114e-12, 0
542, 3.0, 37.0, 0.0, 0, 1.2905362324202034e-11, 0
543, 5.0, 37.0, 0.0, 0, 1.982422988210124e-11, 0
544, 7.0, 37.0, 0.0, 0, 3.159522496291495e-11, 0
545, 9.0, 37.0, 0.0, 0, 4.695141505928683e-11, 0
546, 11.0, 37.0, 0.0, 0, 6.448671680153077e-11, 0
547, 13.0, 37.0, 0.0, 0, 8.011123537953111e-11, 0
548, 15.0, 37.0, 0.0, 0, 9.334420202005713e-11, 0
549, 17.0, 37.0, 0.0, 0, 7.563115945322649e-06, 0
550, 19.0, 37.0, 0.0, 0, 3.492888639161706e-05, 0
551, 21.0, 37.0, 0.0, 1, 5.3270041418678054e-05, 0
552, 23.0, 37.0, 0.0, 1, 8.423397385484716e-05, 0
553, 25.0, 37.0, 0.0, 1, 9.57326608008216e-05, 0
554, 27.0, 37.0, 0.0, 1, 9.781203155757404e-05, 0
555, 29.0, 37.0, 0.0, 1, 9.874369473788521e-05, 0
556, 31.0, 37.0, 0.0, 1, 9.904803117336565e-05, 0
557, 33.0, 37.0, 0.0, 1, 9.91624733156413e-05, 0
558, 35.0, 37.0, 0.0, 1, 9.937235596128712e-05, 0
559, 37.0, 37.0, 0.0, 1, 9.04366400974838e-05, 0
560, 39.0, 37.0, 0.0, 1, 5.9311520824355786e-05, 0
561, 41.0, 37.0, 0.0, 0, 4.135950298113063e-05, 0
562, 43.0, 37.0, 0.0, 0, 9.531767531961237e-06, 0
563, 45.0, 37.0, 0.0, 0, 4.119921150973984e-09, 0
564, 47.0, 37.0, 0.0, 0, 9.604101707031136e-11, 0
565, 49.0, 37.0, 0.0, 0, 8.527292096181708e-11, 0
566, 51.0, 37.0, 0.0, 0, 7.547045611553821e-11, 0
567, 53.0, 37.0, 0.0, 0, 6.722246914587444e-11, 0
568, 55.0, 37.0, 0.0, 0, 6.05969412996915e-11, 0
569, 57.0, 37.0, 0.0, 0, 5.579383286841598e-11, 0
570, 59.0, 37.0, 0.0, 0, 5.382301215673237e-11, 0
571, 1.0, 39.0, 0.0, 0, 7.183625808549331e-12, 0
572, 3.0, 39.0, 0.0, 0, 1.0254089447701645e-11, 0
573, 5.0, 39.0, 0.0, 0, 1.7302266277916223e-11, 0
574, 7.0, 39.0, 0.0, 0, 2.974283655536953e-11, 0
575, 9.0, 39.0, 0.0, 0, 4.551008304334417e-11, 0
576, 11.0, 39.0, 0.0, 0, 6.31377727445657e-11, 0
577, 13.0, 39.0, 0.0, 0, 8.037270981380802e-11, 0
578, 15.0, 39.0, 0.0, 0, 9.591215489532626e-11, 0
579, 17.0, 39.0, 0.0, 0, 1.1052496243001915e-10, 0
580, 19.0, 39.0, 0.0, 0, 8.095632566728522e-06, 0
581, 21.0, 39.0, 0.0, 0, 3.6861884982112154e-05, 0
582, 23.0, 39.0, 0.0, 1, 5.5479359303400714e-05, 0
583, 25.0, 39.0, 0.0, 1, 8.70320840084171e-05, 0
584, 27.0, 39.0, 0.0, 1, 9.787048858095131e-05, 0
585, 29.0, 39.0, 0.0, 1, 9.864435102840914e-05, 0
586, 31.0, 39.0, 0.0, 1, 9.806098232370496e-05, 0
587, 33.0, 39.0, 0.0, 1, 9.693796099006309e-05, 0
588, 35.0, 39.0, 0.0, 1, 9.638265934215984e-05, 0
589, 37.0, 39.0, 0.0, 1, 9.70704222333883e-05, 0
590, 39.0, 39.0, 0.0, 1, 8.960165585033179e-05, 0
591, 41.0, 39.0, 0.0, 1, 5.919440633032546e-05, 0
592, 43.0, 39.0, 0.0, 0, 4.1991695710392173e-05, 0
593, 45.0, 39.0, 0.0, 0, 9.69517855001699e-06, 0
594, 47.0, 39.0, 0.0, 0, 1.0114651122953091e-09, 0
595, 49.0, 39.0, 0.0, 0, 9.835848842156103e-11, 0
596, 51.0, 39.0, 0.0, 0, 8.692965146572889e-11, 0
597, 53.0, 39.0, 0.0, 0, 7.867164197953156e-11, 0
598, 55.0, 39.0, 0.0, 0, 7.273159523219618e-11, 0
599, 57.0, 39.0, 0.0, 0, 6.911333009415024e-11, 0
600, 59.0, 39.0, 0.0, 0, 6.772953430238425e-11, 0
601, 1.0, 41.0, 0.0, 0, 5.499598199108089e-12, 0
602, 3.0, 41.0, 0.0, 0, 8.843939891238254e-12, 0
603, 5.0, 41.0, 0.0, 0, 1.6556277793510673e-11, 0
604, 7.0, 41.0, 0.0, 0, 2.953589177526432e-11, 0
605, 9.0, 41.0, 0.0, 0, 4.5763870833939535e-11, 0
606, 11.0, 41.0, 0.0, 0, 6.398371697977821e-11, 0
607, 13.0, 41.0, 0.0, 0, 8.260764188628072e-11, 0
608, 15.0, 41.0, 0.0, 0, 1.0036842490904706e-10, 0
609, 17.0, 41.0, 0.0, 0, 1.1643302625344318e-10, 0
610, 19.0, 41.0, 0.0, 0, 1.3107666515520445e-10, 0
611, 21.0, 41.0, 0.0, 0, 8.507444343232275e-06, 0
612, 23.0, 41.0, 0.0, 0, 3.858800322339396e-05, 0
613, 25.0, 41.0, 0.0, 1, 5.780238366859146e-05, 0
614, 27.0, 41.0, 0.0, 1, 9.025114771254944e-05, 0
615, 29.0, 41.0, 0.0, 1, 0.00010011143829144912, 0
616, 31.0, 41.0, 0.0, 1, 9.837878843926941e-05, 0
617, 33.0, 41.0, 0.0, 1, 9.53826198831134e-05, 0
618, 35.0, 41.0, 0.0, 1, 9.346913033218253e-05, 0
619, 37.0, 41.0, 0.0, 1, 9.403535602301878e-05, 0
620, 39.0, 41.0, 0.0, 1, 9.658029894394753e-05, 0
621, 41.0, 41.0, 0.0, 1, 9.012490179950197e-05, 0
622, 43.0, 41.0, 0.0, 1, 5.879349660294718e-05, 0
623, 45.0, 41.0, 0.0, 0, 4.1172243157899596e-05, 0
624, 47.0, 41.0, 0.0, 0, 9.117073076474462e-06, 0
625, 49.0, 41.0, 0.0, 0, 1.1180378508176183e-10, 0
626, 51.0, 41.0, 0.0, 0, 9.97510553116295e-11, 0
627, 53.0, 41.0, 0.0, 0, 9.125450556069443e-11, 0
628, 55.0, 41.0, 0.0, 0, 8.624443707621222e-11, 0
629, 57.0, 41.0, 0.0, 0, 8.397468485368773e-11, 0
630, 59.0, 41.0, 0.0, 0, 8.32117169910828e-11, 0
631, 1.0, 43.0, 0.0, 0, 5.245063483107761e-12, 0
632, 3.0, 43.0, 0.0, 0, 8.854250660106452e-12, 0
633, 5.0, 43.0, 0.0, 0, 1.7608941055588034e-11, 0
634, 7.0, 43.0, 0.0, 0, 3.1099425312020856e-11, 0
635, 9.0, 43.0, 0.0, 0, 4.78347448055402e-11, 0
636, 11.0, 43.0, 0.0, 0, 6.669335808465234e-11, 0
637, 13.0, 43.0, 0.0, 0, 8.641609160714917e-11, 0
638, 15.0, 43.0, 0.0, 0, 1.0582059692675033e-10, 0
639, 17.0, 43.0, 0.0, 0, 1.2395940295443212e-10, 0
640, 19.0, 43.0, 0.0, 0, 1.3977089683230802e-10, 0
641, 21.0, 43.0, 0.0, 0, 1.5329809280136535e-10, 0
642, 23.0, 43.0, 0.0, 0, 8.923133155561436e-06, 0
643, 25.0, 43.0, 0.0, 0, 4.060177583534942e-05, 0
644, 27.0, 43.0, 0.0, 1, 6.07447926117908e-05, 0
645, 29.0, 43.0, 0.0, 1, 9.415670299859186e-05, 0
646, 31.0, 43.0, 0.0, 1, 0.00010102967425379804, 0
647, 33.0, 43.0, 0.0, 1, 9.516578212590595e-05, 0
648, 35.0, 43.0, 0.0, 1, 9.120753911011977e-05, 0
649, 37.0, 43.0, 0.0, 1, 9.199016679585715e-05, 0
650, 39.0, 43.0, 0.0, 1, 9.519427269241609e-05, 0
651, 41.0, 43.0, 0.0, 1, 9.821071030175185e-05, 0
652, 43.0, 43.0, 0.0, 1, 8.979184356618076e-05, 0
653, 45.0, 43.0, 0.0, 1, 5.585979822329628e-05, 0
654, 47.0, 43.0, 0.0, 0, 3.6106469424652154e-05, 0
655, 49.0, 43.0, 0.0, 0, 7.02774041996121e-06, 0
656, 51.0, 43.0, 0.0, 0, 1.078181809466035e-10, 0
657, 53.0, 43.0, 0.0, 0, 1.0469634105637811e-10, 0
658, 55.0, 43.0, 0.0, 0, 1.0048501797371095e-10, 0
659, 57.0, 43.0, 0.0, 0, 9.94837083518131e-11, 0
660, 59.0, 43.0, 0.0, 0, 9.945184088167071e-11, 0
661, 1.0, 45.0, 0.0, 0, 7.025374543134675e-12, 0
662, 3.0, 45.0, 0.0, 0, 1.084103776648468e-11, 0
663, 5.0, 45.0, 0.0, 0, 2.055451106405658e-11, 0
664, 7.0, 45.0, 0.0, 0, 3.451591682513057e-11, 0
665, 9.0, 45.0, 0.0, 0, 5.170427259628293e-11, 0
666, 11.0, 45.0, 0.0, 0, 7.107145367287555e-11, 0
667, 13.0, 45.0, 0.0, 0, 9.149990630516681e-11, 0
668, 15.0, 45.0, 0.0, 0, 1.1199187401527296e-10, 0
669, 17.0, 45.0, 0.0, 0, 1.3164782542205584e-10, 0
670, 19.0, 45.0, 0.0, 0, 1.4964932524299815e-10, 0
671, 21.0, 45.0, 0.0, 0, 1.6485820815062322e-10, 0
672, 23.0, 45.0, 0.0, 0, 1.7746466602852943e-10, 0
673, 25.0, 45.0, 0.0, 0, 9.474610409971739e-06, 0
674, 27.0, 45.0, 0.0, 0, 4.3553354592557595e-05, 0
675, 29.0, 45.0, 0.0, 1, 6.52907246247467e-05, 0
676, 31.0, 45.0, 0.0, 1, 9.65232542487921e-05, 0
677, 33.0, 45.0, 0.0, 1, 9.844490599659228e-05, 0
678, 35.0, 45.0, 0.0, 1, 9.116049722928992e-05, 0
679, 37.0, 45.0, 0.0, 1, 9.298971099160057e-05, 0
680, 39.0, 45.0, 0.0, 1, 9.747419589662155e-05, 0
681, 41.0, 45.0, 0.0, 1, 0.00010002291660901995, 0
682, 43.0, 45.0, 0.0, 1, 9.957519239388494e-05, 0
683, 45.0, 45.0, 0.0, 1, 8.596341043701432e-05, 0
684, 47.0, 45.0, 0.0, 1, 5.077830053433691e-05, 0
685, 49.0, 45.0, 0.0, 0, 2.6521739181008502e-05, 0
686, 51.0, 45.0, 0.0, 0, 3.6605708623306246e-06, 0
687, 53.0, 45.0, 0.0, 0, 1.1096646596273768e-10, 0
688, 55.0, 45.0, 0.0, 0, 1.1293281414134544e-10, 0
689, 57.0, 45.0, 0.0, 0, 1.1438406670294445e-10, 0
690, 59.0, 45.0, 0.0, 0, 1.1566123334054757e-10, 0
691, 1.0, 47.0, 0.0, 0, 1.0952731859343454e-11, 0
692, 3.0, 47.0, 0.0, 0, 1.5236787888407123e-11, 0
693, 5.0, 47.0, 0.0, 0, 2.5520529153215167e-11, 0
694, 7.0, 47.0, 0.0, 0, 3.9862033431926156e-11, 0
695, 9.0, 47.0, 0.0, 0, 5.736365878226282e-11, 0
696, 11.0, 47.0, 0.0, 0, 7.698465805864803e-11, 0
697, 13.0, 47.0, 0.0, 0, 9.768034751391627e-11, 0
698, 15.0, 47.0, 0.0, 0, 1.1854291198191924e-10, 0
699, 17.0, 47.0, 0.0, 0, 1.3891020606532537e-10, 0
700, 19.0, 47.0, 0.0, 0, 1.582236093045453e-10, 0
701, 21.0, 47.0, 0.0, 0, 1.7596550255706614e-10, 0
702, 23.0, 47.0, 0.0, 0, 1.9120958759972813e-10, 0
703, 25.0, 47.0, 0.0, 0, 2.049653571515632e-10, 0
704, 27.0, 47.0, 0.0, 0, 1.0383436442029442e-05, 0
705, 29.0, 47.0, 0.0, 0, 4.934281535611273e-05, 0
706, 31.0, 47.0, 0.0, 1, 6.329417846575797e-05, 0
707, 33.0, 47.0, 0.0, 1, 9.821086169400923e-05, 0
708, 35.0, 47.0, 0.0, 1, 9.91467387818991e-05, 0
709, 37.0, 47.0, 0.0, 1, 9.910061794450427e-05, 0
710, 39.0, 47.0, 0.0, 1, 0.00010441324280644856, 0
711, 41.0, 47.0, 0.0, 1, 0.0001063365404615675, 0
712, 43.0, 47.0, 0.0, 1, 0.00010456100112498086, 0
713, 45.0, 47.0, 0.0, 1, 9.861323780673326e-05, 0
714, 47.0, 47.0, 0.0, 1, 7.97097445079202e-05, 0
715, 49.0, 47.0, 0.0, 1, 4.8993011601158975e-05, 0
716, 51.0, 47.0, 0.0, 0, 1.696660808873236e-05, 0
717, 53.0, 47.0, 0.0, 0, 1.3614530011436055e-10, 0
718, 55.0, 47.0, 0.0, 0, 1.2870199700156799e-10, 0
719, 57.0, 47.0, 0.0, 0, 1.2953465441982273e-10, 0
720, 59.0, 47.0, 0.0, 0, 1.3158984755415668e-10, 0
721, 1.0, 49.0, 0.0, 0, 1.7728283295830164e-11, 0
722, 3.0, 49.0, 0.0, 0, 2.2138626414462496e-11, 0
723, 5.0, 49.0, 0.0, 0, 3.268818517087272e-11, 0
724, 7.0, 49.0, 0.0, 0, 4.725521062381566e-11, 0
725, 9.0, 49.0, 0.0, 0, 6.484482921662264e-11, 0
726, 11.0, 49.0, 0.0, 0, 8.43713016666176e-11, 0
727, 13.0, 49.0, 0.0, 0, 1.0479551095737491e-10, 0
728, 15.0, 49.0, 0.0, 0, 1.2526699886871098e-10, 0
729, 17.0, 49.0, 0.0, 0, 1.4521636776351843e-10, 0
730, 19.0, 49.0, 0.0, 0, 1.6448071639759885e-10, 0
731, 21.0, 49.0, 0.0, 0, 1.8309634963824837e-10, 0
732, 23.0, 49.0, 0.0, 0, 2.0065462766263442e-10, 0
733, 25.0, 49.0, 0.0, 0, 2.1551341690365224e-10, 0
734, 27.0, 49.0, 0.0, 0, 2.2869817366647694e-10, 0
735, 29.0, 49.0, 0.0, 0, 1.2531992488190357e-05, 0
736, 31.0, 49.0, 0.0, 0, 5.3618184011748697e-05, 0
737, 33.0, 49.0, 0.0, 1, 6.462460269017997e-05, 0
738, 35.0, 49.0, 0.0, 1, 9.82240307433083e-05, 0
739, 37.0, 49.0, 0.0, 1, 0.00010662316267112363, 0
740, 39.0, 49.0, 0.0, 1, 0.00011355658985815654, 0
741, 41.0, 49.0, 0.0, 1, 0.00011427671048706523, 0
742, 43.0, 49.0, 0.0, 1, 0.00011092382248057708, 0
743, 45.0, 49.0, 0.0, 1, 0.00010455131114052045, 0
744, 47.0, 49.0, 0.0, 1, 9.651897425523711e-05, 0
745, 49.0, 49.0, 0.0, 1, 6.053760748435894e-05, 0
746, 51.0, 49.0, 0.0, 0, 4.0522384488186416e-05, 0
747, 53.0, 49.0, 0.0, 0, 5.678991821407674e-06, 0
748, 55.0, 49.0, 0.0, 0, 1.3651584421670784e-10, 0
749, 57.0, 49.0, 0.0, 0, 1.4421340128166948e-10, 0
750, 59.0, 49.0, 0.0, 0, 1.459157090032495e-10, 0
751, 1.0, 51.0, 0.0, 0, 2.7208339854754914e-11, 0
752, 3.0, 51.0, 0.0, 0, 3.1667205042677125e-11, 0
753, 5.0, 51.0, 0.0, 0, 4.2307565135844606e-11, 0
754, 7.0, 51.0, 0.0, 0, 5.687335343330552e-11, 0
755, 9.0, 51.0, 0.0, 0, 7.423787316665714e-11, 0
756, 11.0, 51.0, 0.0, 0, 9.32212249052014e-11, 0
757, 13.0, 51.0, 0.0, 0, 1.1275818414230382e-10, 0
758, 15.0, 51.0, 0.0, 0, 1.3203306671833735e-10, 0
759, 17.0, 51.0, 0.0, 0, 1.5049315778091622e-10, 0
760, 19.0, 51.0, 0.0, 0, 1.6794662146214685e-10, 0
761, 21.0, 51.0, 0.0, 0, 1.852128242674538e-10, 0
762, 23.0, 51.0, 0.0, 0, 2.0338126165904222e-10, 0
763, 25.0, 51.0, 0.0, 0, 2.1878834904490683e-10, 0
764, 27.0, 51.0, 0.0, 0, 2.26549043695595e-10, 0
765, 29.0, 51.0, 0.0, 0, 2.765976001035476e-10, 0
766, 31.0, 51.0, 0.0, 0, 1.865503830047626e-05, 0
767, 33.0, 51.0, 0.0, 1, 5.5696076695126626e-05, 0
768, 35.0, 51.0, 0.0, 1, 8.797954394552026e-05, 0
769, 37.0, 51.0, 0.0, 1, 0.00011083408098210801, 0
770, 39.0, 51.0, 0.0, 1, 0.00012067137644201662, 0
771, 41.0, 51.0, 0.0, 1, 0.00012005294094567998, 0
772, 43.0, 51.0, 0.0, 1, 0.00011420050900775688, 0
773, 45.0, 51.0, 0.0, 1, 0.00010671380966355981, 0
774, 47.0, 51.0, 0.0, 1, 0.00010358789821304559, 0
775, 49.0, 51.0, 0.0, 1, 8.981085437644845e-05, 0
776, 51.0, 51.0, 0.0, 1, 5.569673403129458e-05, 0
777, 53.0, 51.0, 0.0, 0, 2.1678647390124315e-05, 0
778, 55.0, 51.0, 0.0, 0, 1.6054947014713258e-10, 0
779, 57.0, 51.0, 0.0, 0, 1.6095213722570376e-10, 0
780, 59.0, 51.0, 0.0, 0, 1.5906170364783428e-10, 0
781, 1.0, 53.0, 0.0, 0, 3.981640236055721e-11, 0
782, 3.0, 53.0, 0.0, 0, 4.421367261550266e-11, 0
783, 5.0, 53.0, 0.0, 0, 5.470620485023378e-11, 0
784, 7.0, 53.0, 0.0, 0, 6.895656664607693e-11, 0
785, 9.0, 53.0, 0.0, 0, 8.569345116528609e-11, 0
786, 11.0, 53.0, 0.0, 0, 1.0358198827109568e-10, 0
787, 13.0, 53.0, 0.0, 0, 1.2149076581432815e-10, 0
788, 15.0, 53.0, 0.0, 0, 1.3876887655319448e-10, 0
789, 17.0, 53.0, 0.0, 0, 1.5503751528554198e-10, 0
790, 19.0, 53.0, 0.0, 0, 1.6958625408188406e-10, 0
791, 21.0, 53.0, 0.0, 0, 1.8250466172331709e-10, 0
792, 23.0, 53.0, 0.0, 0, 1.9883811562746094e-10, 0
793, 25.0, 53.0, 0.0, 0, 2.2356515950151303e-10, 0
794, 27.0, 53.0, 0.0, 0, 2.304283925605883e-10, 0
795, 29.0, 53.0, 0.0, 0, 1.0975964908725427e-09, 0
796, 31.0, 53.0, 0.0, 0, 1.3636137212955604e-05, 0
797, 33.0, 53.0, 0.0, 1, 4.758331417149377e-05, 0
798, 35.0, 53.0, 0.0, 1, 8.189351834631536e-05, 0
799, 37.0, 53.0, 0.0, 1, 0.00010999316899472142, 0
800, 39.0, 53.0, 0.0, 1, 0.000122716647289662, 0
801, 41.0, 53.0, 0.0, 1, 0.00012118462376930046, 0
802, 43.0, 53.0, 0.0, 1, 0.00011291743375389346, 0
803, 45.0, 53.0, 0.0, 1, 0.00010396556738280695, 0
804, 47.0, 53.0, 0.0, 1, 9.815275759398053e-05, 0
805, 49.0, 53.0, 0.0, 1, 9.710868332079763e-05, 0
806, 51.0, 53.0, 0.0, 1, 6.323735935489667e-05, 0
807, 53.0, 53.0, 0.0, 0, 4.4203344216900694e-05, 0
808, 55.0, 53.0, 0.0, 0, 5.4726902851807665e-06, 0
809, 57.0, 53.0, 0.0, 0, 1.6493197515163151e-10, 0
810, 59.0, 53.0, 0.0, 0, 1.703164186648553e-10, 0
811, 1.0, 55.0, 0.0, 0, 5.6146105532549633e-11, 0
812, 3.0, 55.0, 0.0, 0, 6.029380653761251e-11, 0
813, 5.0, 55.0, 0.0, 0, 7.026925694183096e-11, 0
814, 7.0, 55.0, 0.0, 0, 8.376220687401361e-11, 0
815, 9.0, 55.0, 0.0, 0, 9.940855385439953e-11, 0
816, 11.0, 55.0, 0.0, 0, 1.1559755589757431e-10, 0
817, 13.0, 55.0, 0.0, 0, 1.309175554576581e-10, 0
818, 15.0, 55.0, 0.0, 0, 1.4505664900741866e-10, 0
819, 17.0, 55.0, 0.0, 0, 1.5882547159445695e-10, 0
820, 19.0, 55.0, 0.0, 0, 1.7156740160316485e-10, 0
821, 21.0, 55.0, 0.0, 0, 1.7971024490313283e-10, 0
822, 23.0, 55.0, 0.0, 0, 1.878422496019397e-10, 0
823, 25.0, 55.0, 0.0, 0, 2.1953632082258846e-10, 0
824, 27.0, 55.0, 0.0, 0, 9.416611318958972e-07, 0
825, 29.0, 55.0, 0.0, 0, 1.0196348496343445e-05, 0
826, 31.0, 55.0, 0.0, 0, 3.5651497129358825e-05, 0
827, 33.0, 55.0, 0.0, 1, 4.6553618267836314e-05, 0
828, 35.0, 55.0, 0.0, 1, 8.196747497368138e-05, 0
829, 37.0, 55.0, 0.0, 1, 0.00010515633531727812, 0
830, 39.0, 55.0, 0.0, 1, 0.0001183700223433282, 0
831, 41.0, 55.0, 0.0, 1, 0.0001164406587246454, 0
832, 43.0, 55.0, 0.0, 1, 0.00010696283927051324, 0
833, 45.0, 55.0, 0.0, 1, 9.79970801917769e-05, 0
834, 47.0, 55.0, 0.0, 1, 9.360327230460962e-05, 0
835, 49.0, 55.0, 0.0, 1, 9.70496244765797e-05, 0
836, 51.0, 55.0, 0.0, 1, 8.683248033051746e-05, 0
837, 53.0, 55.0, 0.0, 1, 5.3361646637121324e-05, 0
838, 55.0, 55.0, 0.0, 0, 1.9750108806842997e-05, 0
839, 57.0, 55.0, 0.0, 0, 1.719973749290172e-10, 0
840, 59.0, 55.0, 0.0, 0, 1.8227445435859487e-10, 0
841, 1.0, 57.0, 0.0, 0, 7.708042452663138e-11, 0
842, 3.0, 57.0, 0.0, 0, 8.058548457911686e-11, 0
843, 5.0, 57.0, 0.0, 0, 8.934398716927719e-11, 0
844, 7.0, 57.0, 0.0, 0, 1.0140339056095411e-10, 0
845, 9.0, 57.0, 0.0, 0, 1.1551429564422791e-10, 0
846, 11.0, 57.0, 0.0, 0, 1.2958572690575141e-10, 0
847, 13.0, 57.0, 0.0, 0, 1.4126188172435992e-10, 0
848, 15.0, 57.0, 0.0, 0, 1.5012572657718322e-10, 0
849, 17.0, 57.0, 0.0, 0, 1.5978773106987638e-10, 0
850, 19.0, 57.0, 0.0, 0, 1.7333344116834594e-10, 0
851, 21.0, 57.0, 0.0, 0, 1.83469086909559e-10, 0
852, 23.0, 57.0, 0.0, 0, 1.9418753537050496e-10, 0
853, 25.0, 57.0, 0.0, 0, 2.6582296005538624e-07, 0
854, 27.0, 57.0, 0.0, 0, 1.431782771084362e-05, 0
855, 29.0, 57.0, 0.0, 1, 4.5756405363181044e-05, 0
856, 31.0, 57.0, 0.0, 1, 5.3122038615695884e-05, 0
857, 33.0, 57.0, 0.0, 1, 7.590805009171069e-05, 0
858, 35.0, 57.0, 0.0, 1, 8.444328074396622e-05, 0
859, 37.0, 57.0, 0.0, 1, 9.396291890742027e-05, 0
860, 39.0, 57.0, 0.0, 1, 0.00010404866593333006, 0
861, 41.0, 57.0, 0.0, 1, 0.00010440778782949849, 0
862, 43.0, 57.0, 0.0, 1, 9.609183036967978e-05, 0
863, 45.0, 57.0, 0.0, 1, 8.855699598473858e-05, 0
864, 47.0, 57.0, 0.0, 1, 8.623664304184908e-05, 0
865, 49.0, 57.0, 0.0, 1, 8.800027160531991e-05, 0
866, 51.0, 57.0, 0.0, 1, 8.990715048057392e-05, 0
867, 53.0, 57.0, 0.0, 1, 5.879562742418379e-05, 0
868, 55.0, 57.0, 0.0, 0, 3.8325778042633884e-05, 0
869, 57.0, 57.0, 0.0, 0, 4.200867733924243e-06, 0
870, 59.0, 57.0, 0.0, 0, 1.7616756061401225e-10, 0
871, 1.0, 59.0, 0.0, 0, 1.0403854497552625e-10, 0
872, 3.0, 59.0, 0.0, 0, 1.0596062447280808e-10, 0
873, 5.0, 59.0, 0.0, 0, 1.1199224909254632e-10, 0
874, 7.0, 59.0, 0.0, 0, 1.2150644600389111e-10, 0
875, 9.0, 59.0, 0.0, 0, 1.337505565183156e-10, 0
876, 11.0, 59.0, 0.0, 0, 1.4579471766958975e-10, 0
877, 13.0, 59.0, 0.0, 0, 1.533229712635477e-10, 0
878, 15.0, 59.0, 0.0, 0, 1.544077323822366e-10, 0
879, 17.0, 59.0, 0.0, 0, 1.5590745369190265e-10, 0
880, 19.0, 59.0, 0.0, 0, 1.6793372926350281e-10, 0
881, 21.0, 59.0, 0.0, 0, 2.3086833898175454e-09, 0
882, 23.0, 59.0, 0.0, 0, 4.26655616392505e-06, 0
883, 25.0, 59.0, 0.0, 0, 2.2489650630599535e-05, 0
884, 27.0, 59.0, 0.0, 0, 6.129186134228671e-05, 0
885, 29.0, 59.0, 0.0, 1, 6.944449727797893e-05, 0
886, 31.0, 59.0, 0.0, 1, 8.57805794439653e-05, 0
887, 33.0, 59.0, 0.0, 1, 7.667573274077479e-05, 0
888, 35.0, 59.0, 0.0, 1, 5.2374482900861385e-05, 0
889, 37.0, 59.0, 0.0, 1, 7.044746715633796e-05, 0
890, 39.0, 59.0, 0.0, 1, 8.34315530005369e-05, 0
891, 41.0, 59.0, 0.0, 1, 8.957289013483916e-05, 0
892, 43.0, 59.0, 0.0, 1, 8.308191319893378e-05, 0
893, 45.0, 59.0, 0.0, 1, 7.805536427325216e-05, 0
894, 47.0, 59.0, 0.0, 1, 7.910020220428294e-05, 0
895, 49.0, 59.0, 0.0, 1, 8.41456951287871e-05, 0
896, 51.0, 59.0, 0.0, 1, 9.143334730171805e-05, 0
897, 53.0, 59.0, 0.0, 1, 7.991087409936193e-05, 0
898, 55.0, 59.0, 0.0, 1, 4.634535179439393e-05, 0
899, 57.0, 59.0, 0.0, 0, 1.460921089404835e-05, 0
900, 59.0, 59.0, 0.0, 0, 1.685090571375622e-10, 0
901, 1.0, 61.0, 0.0, 0, 1.3886985331881003e-10, 0
902, 3.0, 61.0, 0.0, 0, 1.373735195271991e-10, 0
903, 5.0, 61.0, 0.0, 0, 1.3755852754788827e-10, 0
904, 7.0, 61.0, 0.0, 0, 1.4268165574869926e-10, 0
905, 9.0, 61.0, 0.0, 0, 1.5330234505130472e-10, 0
906, 11.0, 61.0, 0.0, 0, 1.637510922799668e-10, 0
907, 13.0, 61.0, 0.0, 0, 1.6593246609478402e-10, 0
908, 15.0, 61.0, 0.0, 0, 1.5740415983974062e-10, 0
909, 17.0, 61.0, 0.0, 0, 1.5433697830013122e-10, 0
910, 19.0, 61.0, 0.0, 0, 1.1455422684435012e-09, 0
911, 21.0, 61.0, 0.0, 0, 9.120799322424216e-06, 0
912, 23.0, 61.0, 0.0, 0, 3.2691915339168586e-05, 0
913, 25.0, 61.0, 0.0, 1, 6.205544565419686e-05, 0
914, 27.0, 61.0, 0.0, 1, 7.610519906951207e-05, 0
915, 29.0, 61.0, 0.0, 1, 0.00010515449195609567, 0
916, 31.0, 61.0, 0.0, 1, 7.827362740488971e-05, 0
917, 33.0, 61.0, 0.0, 1, 4.9182375038023414e-05, 0
918, 35.0, 61.0, 0.0, 0, 3.9365183752692824e-05, 0
919, 37.0, 61.0, 0.0, 0, 4.081832094272402e-05, 0
920, 39.0, 61.0, 0.0, 1, 5.5819301939862736e-05, 0
921, 41.0, 61.0, 0.0, 1, 8.461958497339986e-05, 0
922, 43.0, 61.0, 0.0, 1, 8.251019565517622e-05, 0
923, 45.0, 61.0, 0.0, 1, 7.153574529042498e-05, 0
924, 47.0, 61.0, 0.0, 1, 7.444892133267273e-05, 0
925, 49.0, 61.0, 0.0, 1, 8.087977306920737e-05, 0
926, 51.0, 61.0, 0.0, 1, 8.800442437600673e-05, 0
927, 53.0, 61.0, 0.0, 1, 9.008222100772369e-05, 0
928, 55.0, 61.0, 0.0, 1, 6.561036310437859e-05, 0
929, 57.0, 61.0, 0.0, 0, 3.177542182555554e-05, 0
930, 59.0, 61.0, 0.0, 0, 2.554656873529763e-10, 0
931, 1.0, 63.0, 0.0, 0, 1.861342260144581e-10, 0
932, 3.0, 63.0, 0.0, 0, 1.754323646289009e-10, 0
933, 5.0, 63.0, 0.0, 0, 1.635719086975841e-10, 0
934, 7.0, 63.0, 0.0, 0, 1.632455878606472e-10, 0
935, 9.0, 63.0, 0.0, 0, 1.742771979239128e-10, 0
936, 11.0, 63.0, 0.0, 0, 1.846422331837942e-10, 0
937, 13.0, 63.0, 0.0, 0, 1.7629319394183068e-10, 0
938, 15.0, 63.0, 0.0, 0, 1.4368401839557296e-10, 0
939, 17.0, 63.0, 0.0, 0, 2.5266724402301065e-06, 0
940, 19.0, 63.0, 0.0, 0, 1.5642810645514908e-05, 0
941, 21.0, 63.0, 0.0, 0, 4.616233291426588e-05, 0
942, 23.0, 63.0, 0.0, 1, 5.6347297196363284e-05, 0
943, 25.0, 63.0, 0.0, 1, 8.988936144693585e-05, 0
944, 27.0, 63.0, 0.0, 1, 0.00010113244892689187, 0
945, 29.0, 63.0, 0.0, 1, 7.362834170295771e-05, 0
946, 31.0, 63.0, 0.0, 1, 5.263598930291547e-05, 0
947, 33.0, 63.0, 0.0, 0, 2.4879024643747604e-05, 0
948, 35.0, 63.0, 0.0, 0, 6.55507773700185e-06, 0
949, 37.0, 63.0, 0.0, 0, 7.687021761459154e-06, 0
950, 39.0, 63.0, 0.0, 0, 5.321118976892615e-05, 0
951, 41.0, 63.0, 0.0, 1, 5.807171349451077e-05, 0
952, 43.0, 63.0, 0.0, 1, 8.688321420259737e-05, 0
953, 45.0, 63.0, 0.0, 1, 7.187468306763756e-05, 0
954, 47.0, 63.0, 0.0, 1, 7.459525634437067e-05, 0
955, 49.0, 63.0, 0.0, 1, 7.9774502060881e-05, 0
956, 51.0, 63.0, 0.0, 1, 8.583346590126934e-05, 0
957, 53.0, 63.0, 0.0, 1, 0.00010010061525600293, 0
958, 55.0, 63.0, 0.0, 1, 6.617770578103325e-05, 0
959, 57.0, 63.0, 0.0, 0, 5.3382925501603847e-05, 0
960, 59.0, 63.0, 0.0, 0, 1.063111238360617e-05, 0
961, 1.0, 65.0, 0.0, 0, 2.444878637165456e-10, 0
962, 3.0, 65.0, 0.0, 0, 2.1629941314827198e-10, 0
963, 5.0, 65.0, 0.0, 0, 1.9006616497057426e-10, 0
964, 7.0, 65.0, 0.0, 0, 1.9246205811173624e-10, 0
965, 9.0, 65.0, 0.0, 0, 2.1870676750936196e-10, 0
966, 11.0, 65.0, 0.0, 0, 2.3007287122765602e-10, 0
967, 13.0, 65.0, 0.0, 0, 1.9448999240442614e-10, 0
968, 15.0, 65.0, 0.0, 0, 5.003115916441321e-06, 0
969, 17.0, 65.0, 0.0, 0, 1.973939764606371e-05, 0
970, 19.0, 65.0, 0.0, 1, 4.624290003019769e-05, 0
971, 21.0, 65.0, 0.0, 1, 6.123352505212884e-05, 0
972, 23.0, 65.0, 0.0, 1, 9.088947991535922e-05, 0
973, 25.0, 65.0, 0.0, 1, 8.704108931075421e-05, 0
974, 27.0, 65.0, 0.0, 1, 6.025806897450081e-05, 0
975, 29.0, 65.0, 0.0, 0, 4.862391663007603e-05, 0
976, 31.0, 65.0, 0.0, 0, 1.4629300649113263e-05, 0
977, 33.0, 65.0, 0.0, 0, 2.0990478054111437e-06, 0
978, 35.0, 65.0, 0.0, 0, 2.9763734463834e-10, 0
979, 37.0, 65.0, 0.0, 0, 7.896378714104864e-08, 0
980, 39.0, 65.0, 0.0, 0, 3.255482803833286e-05, 0
981, 41.0, 65.0, 0.0, 1, 5.8405216500606905e-05, 0
982, 43.0, 65.0, 0.0, 1, 8.178065845214477e-05, 0
983, 45.0, 65.0, 0.0, 1, 7.780586488197557e-05, 0
984, 47.0, 65.0, 0.0, 1, 7.956009603756426e-05, 0
985, 49.0, 65.0, 0.0, 1, 8.155220380449824e-05, 0
986, 51.0, 65.0, 0.0, 1, 8.421917659706771e-05, 0
987, 53.0, 65.0, 0.0, 1, 9.476422430759541e-05, 0
988, 55.0, 65.0, 0.0, 1, 8.911958745621038e-05, 0
989, 57.0, 65.0, 0.0, 1, 5.252381600541819e-05, 0
990, 59.0, 65.0, 0.0, 0, 3.2629250314479406e-05, 0
991, 1.0, 67.0, 0.0, 0, 2.2519932083546263e-10, 0
992, 3.0, 67.0, 0.0, 0, 2.613081384787833e-10, 0
993, 5.0, 67.0, 0.0, 0, 1.9907984766112087e-10, 0
994, 7.0, 67.0, 0.0, 0, 2.0446109625575592e-10, 0
995, 9.0, 67.0, 0.0, 0, 2.397321762924232e-10, 0
996, 11.0, 67.0, 0.0, 0, 2.3750396656348927e-10, 0
997, 13.0, 67.0, 0.0, 0, 9.900579930804913e-06, 0
998, 15.0, 67.0, 0.0, 0, 3.356970991521925e-05, 0
999, 17.0, 67.0, 0.0, 1, 4.6184477870384584e-05, 0
1000, 19.0, 67.0, 0.0, 1, 7.742201783976426e-05, 0
1001, 21.0, 67.0, 0.0, 1, 9.201706724640932e-05, 0
1002, 23.0, 67.0, 0.0, 1, 8.137636511842654e-05, 0
1003, 25.0, 67.0, 0.0, 1, 5.187572657415044e-05, 0
1004, 27.0, 67.0, 0.0, 0, 3.587039366101267e-05, 0
1005, 29.0, 67.0, 0.0, 0, 9.964019394981089e-06, 0
1006, 31.0, 67.0, 0.0, 0, 3.6145954719068626e-10, 0
1007, 33.0, 67.0, 0.0, 0, 2.930889817742193e-10, 0
1008, 35.0, 67.0, 0.0, 0, 2.924405396307099e-10, 0
1009, 37.0, 67.0, 0.0, 0, 2.8338226704229964e-10, 0
1010, 39.0, 67.0, 0.0, 0, 2.051292069384994e-05, 0
1011, 41.0, 67.0, 0.0, 1, 5.064952310539522e-05, 0
1012, 43.0, 67.0, 0.0, 1, 7.821130727246988e-05, 0
1013, 45.0, 67.0, 0.0, 1, 8.613930553293808e-05, 0
1014, 47.0, 67.0, 0.0, 1, 8.776689176237714e-05, 0
1015, 49.0, 67.0, 0.0, 1, 8.684994463893532e-05, 0
1016, 51.0, 67.0, 0.0, 1, 8.65927729854215e-05, 0
1017, 53.0, 67.0, 0.0, 1, 8.743086417730262e-05, 0
1018, 55.0, 67.0, 0.0, 1, 8.541632064759146e-05, 0
1019, 57.0, 67.0, 0.0, 1, 5.853652267076351e-05, 0
1020, 59.0, 67.0, 0.0, 0, 4.946335105877631e-05, 0
1026, 11.0, 69.0, 0.0, 0, 2.0784863545369123e-05, 0
1027, 13.0, 69.0, 0.0, 0, 4.512291207166634e-05, 0
1028, 15.0, 69.0, 0.0, 1, 5.030054473180672e-05, 0
1029, 17.0, 69.0, 0.0, 1, 7.835798466888164e-05, 0
1030, 19.0, 69.0, 0.0, 1, 9.080453107630722e-05, 0
1031, 21.0, 69.0, 0.0, 1, 6.223443590611527e-05, 0
1032, 23.0, 69.0, 0.0, 1, 5.449538721061289e-05, 0
1033, 25.0, 69.0, 0.0, 0, 2.3565944202780478e-05, 0
1034, 27.0, 69.0, 0.0, 0, 5.765279043877733e-06, 0
1035, 29.0, 69.0, 0.0, 0, 6.234174681355186e-10, 0
1036, 31.0, 69.0, 0.0, 0, 4.98361492151311e-10, 0
1037, 33.0, 69.0, 0.0, 0, 3.698926478036785e-10, 0
1038, 35.0, 69.0, 0.0, 0, 1.1884338245533588e-06, 0
1039, 37.0, 69.0, 0.0, 0, 1.0461911543586388e-05, 0
1040, 39.0, 69.0, 0.0, 0, 3.626347189523389e-05, 0
1041, 41.0, 69.0, 0.0, 1, 5.9766954187748925e-05, 0
1042, 43.0, 69.0, 0.0, 1, 8.353764071291036e-05, 0
1043, 45.0, 69.0, 0.0, 1, 9.590165085205403e-05, 0
1044, 47.0, 69.0, 0.0, 1, 9.606629282554047e-05, 0
1045, 49.0, 69.0, 0.0, 1, 9.312146941466815e-05, 0
1046, 51.0, 69.0, 0.0, 1, 9.106785552687231e-05, 0
1047, 53.0, 69.0, 0.0, 1, 8.950635312573484e-05, 0
1048, 55.0, 69.0, 0.0, 1, 8.49349474646606e-05, 0
1049, 57.0, 69.0, 0.0, 1, 6.607735470216784e-05, 0
1050, 59.0, 69.0, 0.0, 1, 5.3261875743552535e-05, 0
1056, 11.0, 71.0, 0.0, 1, 5.609300244389961e-05, 0
1057, 13.0, 71.0, 0.0, 1, 5.323176545571236e-05, 0
1058, 15.0, 71.0, 0.0, 1, 8.09367264983937e-05, 0
1059, 17.0, 71.0, 0.0, 1, 7.903863035062063e-05, 0
1060, 19.0, 71.0, 0.0, 1, 5.869913913581752e-05, 0
1061, 21.0, 71.0, 0.0, 0, 5.438030615972066e-05, 0
1062, 23.0, 71.0, 0.0, 0, 1.8955698404211224e-05, 0
1063, 25.0, 71.0, 0.0, 0, 2.952347019648889e-06, 0
1064, 27.0, 71.0, 0.0, 0, 8.16546865702691e-10, 0
1065, 29.0, 71.0, 0.0, 0, 4.602366484058352e-06, 0
1066, 31.0, 71.0, 0.0, 0, 1.4322774087039833e-05, 0
1067, 33.0, 71.0, 0.0, 0, 2.4772358825908913e-05, 0
1068, 35.0, 71.0, 0.0, 0, 3.707100266209223e-05, 0
1069, 37.0, 71.0, 0.0, 0, 5.312348360749452e-05, 0
1070, 39.0, 71.0, 0.0, 1, 5.3712296740338874e-05, 0
1071, 41.0, 71.0, 0.0, 1, 8.017967115791962e-05, 0
1072, 43.0, 71.0, 0.0, 1, 9.409466678014478e-05, 0
1073, 45.0, 71.0, 0.0, 1, 0.00010267356584118567, 0
1074, 47.0, 71.0, 0.0, 1, 0.00010054071113301251, 0
1075, 49.0, 71.0, 0.0, 1, 9.614357627696181e-05, 0
1076, 51.0, 71.0, 0.0, 1, 9.285042116687897e-05, 0
1077, 53.0, 71.0, 0.0, 1, 8.966223692393621e-05, 0
1078, 55.0, 71.0, 0.0, 1, 8.298901670084921e-05, 0
1079, 57.0, 71.0, 0.0, 1, 6.907871208547777e-05, 0
1080, 59.0, 71.0, 0.0, 1, 6.178443267947293e-05, 0
1086, 11.0, 73.0, 0.0, 1, 6.992211520742814e-05, 0
1087, 13.0, 73.0, 0.0, 1, 7.21838260534923e-05, 0
1088, 15.0, 73.0, 0.0, 1, 7.599143457455237e-05, 0
1089, 17.0, 73.0, 0.0, 1, 7.042741669154492e-05, 0
1090, 19.0, 73.0, 0.0, 1, 5.637930548918917e-05, 0
1091, 21.0, 73.0, 0.0, 0, 2.201785904057839e-05, 0
1092, 23.0, 73.0, 0.0, 0, 6.842410319696954e-10, 0
1093, 25.0, 73.0, 0.0, 0, 5.6982860696472944e-06, 0
1094, 27.0, 73.0, 0.0, 0, 2.074831904244776e-05, 0
1095, 29.0, 73.0, 0.0, 0, 4.014323126616975e-05, 0
1096, 31.0, 73.0, 0.0, 1, 4.4786992534069786e-05, 0
1097, 33.0, 73.0, 0.0, 1, 5.634746492546776e-05, 0
1098, 35.0, 73.0, 0.0, 1, 7.275925728964972e-05, 0
1099, 37.0, 73.0, 0.0, 1, 7.901580491992345e-05, 0
1100, 39.0, 73.0, 0.0, 1, 9.338476409276428e-05, 0
1101, 41.0, 73.0, 0.0, 1, 8.868245245276571e-05, 0
1102, 43.0, 73.0, 0.0, 1, 9.551698233494379e-05, 0
1103, 45.0, 73.0, 0.0, 1, 0.00010090174984932411, 0
1104, 47.0, 73.0, 0.0, 1, 9.797867300835383e-05, 0
1105, 49.0, 73.0, 0.0, 1, 9.370461095995134e-05, 0
1106, 51.0, 73.0, 0.0, 1, 9.049254965712224e-05, 0
1107, 53.0, 73.0, 0.0, 1, 8.723329628024213e-05, 0
1108, 55.0, 73.0, 0.0, 1, 8.207129742010265e-05, 0
1109, 57.0, 73.0, 0.0, 1, 7.450182607331323e-05, 0
1110, 59.0, 73.0, 0.0, 1, 6.988726753669162e-05, 0
1116, 11.0, 75.0, 0.0, 1, 6.977679585185694e-05, 0
1117, 13.0, 75.0, 0.0, 1, 6.870935927571838e-05, 0
1118, 15.0, 75.0, 0.0, 1, 6.718240907949833e-05, 0
1119, 17.0, 75.0, 0.0, 1, 6.499085416013267e-05, 0
1120, 19.0, 75.0, 0.0, 1, 5.235538018147088e-05, 0
1121, 21.0, 75.0, 0.0, 0, 5.72599814261898e-05, 0
1122, 23.0, 75.0, 0.0, 0, 3.9669565363942784e-05, 0
1123, 25.0, 75.0, 0.0, 0, 4.3589191616493606e-05, 0
1124, 27.0, 75.0, 0.0, 1, 4.904313030846389e-05, 0
1125, 29.0, 75.0, 0.0, 1, 5.2758993306782e-05, 0
1126, 31.0, 75.0, 0.0, 1, 7.44879022353866e-05, 0
1127, 33.0, 75.0, 0.0, 1, 7.877013158960283e-05, 0
1128, 35.0, 75.0, 0.0, 1, 9.235247844819117e-05, 0
1129, 37.0, 75.0, 0.0, 1, 7.415763987431166e-05, 0
1130, 39.0, 75.0, 0.0, 1, 7.204173408819996e-05, 0
1131, 41.0, 75.0, 0.0, 1, 7.227997388785788e-05, 0
1132, 43.0, 75.0, 0.0, 1, 8.200438849792026e-05, 0
1133, 45.0, 75.0, 0.0, 1, 8.938807675521645e-05, 0
1134, 47.0, 75.0, 0.0, 1, 8.884815336432695e-05, 0
1135, 49.0, 75.0, 0.0, 1, 8.716536601149596e-05, 0
1136, 51.0, 75.0, 0.0, 1, 8.549269815464873e-05, 0
1137, 53.0, 75.0, 0.0, 1, 8.313943371951544e-05, 0
1138, 55.0, 75.0, 0.0, 1, 8.021827097211552e-05, 0
1139, 57.0, 75.0, 0.0, 1, 7.871776051861438e-05, 0
1140, 59.0, 75.0, 0.0, 1, 7.732972074493623e-05, 0
1146, 11.0, 77.0, 0.0, 1, 6.784681978924226e-05, 0
1147, 13.0, 77.0, 0.0, 1, 6.591451570447417e-05, 0
1148, 15.0, 77.0, 0.0, 1, 6.272025627508114e-05, 0
1149, 17.0, 77.0, 0.0, 1, 6.644995434161662e-05, 0
1150, 19.0, 77.0, 0.0, 1, 7.995920471701919e-05, 0
1151, 21.0, 77.0, 0.0, 1, 5.845191309964112e-05, 0
1152, 23.0, 77.0, 0.0, 1, 7.242341208369991e-05, 0
1153, 25.0, 77.0, 0.0, 1, 5.498089582243699e-05, 0
1154, 27.0, 77.0, 0.0, 1, 7.1479480081839e-05, 0
1155, 29.0, 77.0, 0.0, 1, 7.200518679191952e-05, 0
1156, 31.0, 77.0, 0.0, 1, 7.253659435938671e-05, 0
1157, 33.0, 77.0, 0.0, 1, 6.443436595464326e-05, 0
1158, 35.0, 77.0, 0.0, 1, 5.501093591334739e-05, 0
1159, 37.0, 77.0, 0.0, 0, 5.080789063379053e-05, 0
1160, 39.0, 77.0, 0.0, 0, 4.007389808402297e-05, 0
1161, 41.0, 77.0, 0.0, 1, 5.1112472923031724e-05, 0
1162, 43.0, 77.0, 0.0, 1, 7.389612188801108e-05, 0
1163, 45.0, 77.0, 0.0, 1, 8.44617851645468e-05, 0
1164, 47.0, 77.0, 0.0, 1, 8.038145547655253e-05, 0
1165, 49.0, 77.0, 0.0, 1, 8.135771633588183e-05, 0
1166, 51.0, 77.0, 0.0, 1, 8.106787853775737e-05, 0
1167, 53.0, 77.0, 0.0, 1, 7.959035528005162e-05, 0
1168, 55.0, 77.0, 0.0, 1, 7.868914531254514e-05, 0
1169, 57.0, 77.0, 0.0, 1, 8.168333156731715e-05, 0
1170, 59.0, 77.0, 0.0, 1, 8.291367404514615e-05, 0
1176, 11.0, 79.0, 0.0, 1, 7.542699086876637e-05, 0
1177, 13.0, 79.0, 0.0, 1, 7.29603927214778e-05, 0
1178, 15.0, 79.0, 0.0, 1, 6.784084117198728e-05, 0
1179, 17.0, 79.0, 0.0, 1, 6.890042990970736e-05, 0
1180, 19.0, 79.0, 0.0, 1, 8.31101919130306e-05, 0
1181, 21.0, 79.0, 0.0, 1, 9.244884845330427e-05, 0
1182, 23.0, 79.0, 0.0, 1, 9.149415966162462e-05, 0
1183, 25.0, 79.0, 0.0, 1, 8.326071434966893e-05, 0
1184, 27.0, 79.0, 0.0, 1, 7.528514449629829e-05, 0
1185, 29.0, 79.0, 0.0, 1, 6.494293321563014e-05, 0
1186, 31.0, 79.0, 0.0, 1, 6.178005543207972e-05, 0
1187, 33.0, 79.0, 0.0, 1, 5.1467704117709126e-05, 0
1188, 35.0, 79.0, 0.0, 0, 3.994709005339572e-05, 0
1189, 37.0, 79.0, 0.0, 0, 9.365417381807518e-06, 0
1190, 39.0, 79.0, 0.0, 0, 5.148001283121913e-06, 0
1191, 41.0, 79.0, 0.0, 0, 4.8980779017768216e-05, 0
1192, 43.0, 79.0, 0.0, 1, 4.819516836131239e-05, 0
1193, 45.0, 79.0, 0.0, 1, 8.620291144950456e-05, 0
1194, 47.0, 79.0, 0.0, 1, 7.515623287776229e-05, 0
1195, 49.0, 79.0, 0.0, 1, 7.855297100221352e-05, 0
1196, 51.0, 79.0, 0.0, 1, 7.89915129513326e-05, 0
1197, 53.0, 79.0, 0.0, 1, 7.806834586377666e-05, 0
1198, 55.0, 79.0, 0.0, 1, 7.824881328405067e-05, 0
1199, 57.0, 79.0, 0.0, 1, 8.337194183235429e-05, 0
1200, 59.0, 79.0, 0.0, 1, 8.384740335107919e-05, 0
1206, 11.0, 81.0, 0.0, 1, 9.59006049412602e-05, 0
1207, 13.0, 81.0, 0.0, 1, 9.075354183043362e-05, 0
1208, 15.0, 81.0, 0.0, 1, 8.337845962845769e-05, 0
1209, 17.0, 81.0, 0.0, 1, 8.123641720336004e-05, 0
1210, 19.0, 81.0, 0.0, 1, 8.304104982895531e-05, 0
1211, 21.0, 81.0, 0.0, 1, 8.457429765769799e-05, 0
1212, 23.0, 81.0, 0.0, 1, 8.344151745542626e-05, 0
1213, 25.0, 81.0, 0.0, 1, 7.756648993899001e-05, 0
1214, 27.0, 81.0, 0.0, 1, 7.325374398385e-05, 0
1215, 29.0, 81.0, 0.0, 1, 6.906167332437738e-05, 0
1216, 31.0, 81.0, 0.0, 1, 6.408512705587981e-05, 0
1217, 33.0, 81.0, 0.0, 1, 5.453003756503349e-05, 0
1236, 11.0, 83.0, 0.0, 1, 0.00012818807932367642, 0
1237, 13.0, 83.0, 0.0, 1, 0.00012198095345654722, 0
1238, 15.0, 83.0, 0.0, 1, 0.00011166151305405802, 0
1239, 17.0, 83.0, 0.0, 1, 0.00010619502908382794, 0
1240, 19.0, 83.0, 0.0, 1, 0.0001029060713195213, 0
1241, 21.0, 83.0, 0.0, 1, 9.724883338015127e-05, 0
1242, 23.0, 83.0, 0.0, 1, 8.949744316677823e-05, 0
1243, 25.0, 83.0, 0.0, 1, 8.461402306568063e-05, 0
1244, 27.0, 83.0, 0.0, 1, 8.383314936293568e-05, 0
1245, 29.0, 83.0, 0.0, 1, 8.582635172005315e-05, 0
1246, 31.0, 83.0, 0.0, 1, 8.547166252665959e-05, 0
1247, 33.0, 83.0, 0.0, 1, 8.585260436380683e-05, 0
1266, 11.0, 85.0, 0.0, 1, 0.00016735784740129654, 0
1267, 13.0, 85.0, 0.0, 1, 0.00015967448163366085, 0
1268, 15.0, 85.0, 0.0, 1, 0.00014516242272607068, 0
1269, 17.0, 85.0, 0.0, 1, 0.00013394253258252958, 0
1270, 19.0, 85.0, 0.0, 1, 0.0001236774758221661, 0
1271, 21.0, 85.0, 0.0, 1, 0.00011197732155228618, 0
1272, 23.0, 85.0, 0.0, 1, 9.907770001000759e-05, 0
1273, 25.0, 85.0, 0.0, 1, 9.220795714034777e-05, 0
1274, 27.0, 85.0, 0.0, 1, 9.157285442460108e-05, 0
1275, 29.0, 85.0, 0.0, 1, 9.883255213091769e-05, 0
1276, 31.0, 85.0, 0.0, 1, 0.00010735284520834473, 0
1277, 33.0, 85.0, 0.0, 1, 0.00011160217076945896, 0
1296, 11.0, 87.0, 0.0, 1, 0.00021035620974793937, 0
1297, 13.0, 87.0, 0.0, 1, 0.00020049901963650098, 0
1298, 15.0, 87.0, 0.0, 1, 0.00018061115421353656, 0
1299, 17.0, 87.0, 0.0, 1, 0.0001633161045116101, 0
1300, 19.0, 87.0, 0.0, 1, 0.00014689996688207945, 0
1301, 21.0, 87.0, 0.0, 1, 0.00013032428229010603, 0
1302, 23.0, 87.0, 0.0, 1, 0.000113852716468713, 0
1303, 25.0, 87.0, 0.0, 1, 0.00010185175603106284, 0
1304, 27.0, 87.0, 0.0, 1, 0.00010142464157795198, 0
1305, 29.0, 87.0, 0.0, 1, 0.00011125384954600593, 0
1306, 31.0, 87.0, 0.0, 1, 0.0001304241520978899, 0
1307, 33.0, 87.0, 0.0, 1, 0.0001398534363758912, 0
1326, 11.0, 89.0, 0.0, 1, 0.00022426244987116043, 0
1327, 13.0, 89.0, 0.0, 1, 0.00022056446450409228, 0
1328, 15.0, 89.0, 0.0, 1, 0.00019780489754738688, 0
1329, 17.0, 89.0, 0.0, 1, 0.00017753073639203398, 0
1330, 19.0, 89.0, 0.0, 1, 0.00015836636224045113, 0
1331, 21.0, 89.0, 0.0, 1, 0.0001397668982718236, 0
1332, 23.0, 89.0, 0.0, 1, 0.00012221815660183298, 0
1333, 25.0, 89.0, 0.0, 1, 0.00010781565149070799, 0
1334, 27.0, 89.0, 0.0, 1, 0.00010750840568357442, 0
1335, 29.0, 89.0, 0.0, 1, 0.00011798733556901047, 0
1336, 31.0, 89.0, 0.0, 1, 0.00014247097241575646, 0
1337, 33.0, 89.0, 0.0, 1, 0.00014665670753731422, 0
1024, 7.0, 69.0, 0.0, 1, 1.5306205e-05, 0
1, 1.0, 1.0, 0.0, 1, 0.000190971925, 0
2, 3.0, 1.0, 0.0, 1, 6.547217499999999e-05, 0
3, 5.0, 1.0, 0.0, 1, 1.8389960000000002e-05, 0
4, 7.0, 1.0, 0.0, 1, 3.5877457499999997e-06, 0
5, 9.0, 1.0, 0.0, 1, 8.464021000000001e-07, 0
1025, 9.0, 69.0, 0.0, 1, 1.0556482749999999e-05, 0
1051, 1.0, 71.0, 0.0, 1, 0.0001228906675, 0
1052, 3.0, 71.0, 0.0, 1, 6.54164025e-05, 0
1053, 5.0, 71.0, 0.0, 1, 4.04060025e-05, 0
1054, 7.0, 71.0, 0.0, 1, 3.0713925e-05, 0
31, 1.0, 3.0, 0.0, 1, 0.00012579447499999998, 0
32, 3.0, 3.0, 0.0, 1, 0.000108892195, 0
33, 5.0, 3.0, 0.0, 1, 5.91474225e-05, 0
34, 7.0, 3.0, 0.0, 1, 2.21984925e-05, 0
35, 9.0, 3.0, 0.0, 1, 3.9828435e-06, 0
1055, 9.0, 71.0, 0.0, 1, 2.2984994999999997e-05, 0
1081, 1.0, 73.0, 0.0, 1, 6.52021575e-05, 0
1082, 3.0, 73.0, 0.0, 1, 6.723996e-05, 0
1083, 5.0, 73.0, 0.0, 1, 5.2659787499999996e-05, 0
1084, 7.0, 73.0, 0.0, 1, 4.1962774999999996e-05, 0
61, 1.0, 5.0, 0.0, 1, 0.000132575475, 0
62, 3.0, 5.0, 0.0, 1, 0.00012360145, 0
63, 5.0, 5.0, 0.0, 1, 9.93009075e-05, 0
64, 7.0, 5.0, 0.0, 1, 7.1036695e-05, 0
65, 9.0, 5.0, 0.0, 1, 2.52821075e-05, 0
1085, 9.0, 73.0, 0.0, 1, 3.684584e-05, 0
1111, 1.0, 75.0, 0.0, 1, 4.931381e-05, 0
1112, 3.0, 75.0, 0.0, 1, 5.3746977499999994e-05, 0
1113, 5.0, 75.0, 0.0, 1, 5.32249625e-05, 0
1114, 7.0, 75.0, 0.0, 1, 4.90383225e-05, 0
91, 1.0, 7.0, 0.0, 1, 0.00014917312500000002, 0
92, 3.0, 7.0, 0.0, 1, 0.000136338325, 0
93, 5.0, 7.0, 0.0, 1, 0.0001206742, 0
94, 7.0, 7.0, 0.0, 1, 0.00011147684999999999, 0
95, 9.0, 7.0, 0.0, 1, 0.0001492159825, 0
1115, 9.0, 75.0, 0.0, 1, 5.888541e-05, 0
1141, 1.0, 77.0, 0.0, 1, 3.97984675e-05, 0
1142, 3.0, 77.0, 0.0, 1, 5.08246625e-05, 0
1143, 5.0, 77.0, 0.0, 1, 6.04341825e-05, 0
1144, 7.0, 77.0, 0.0, 1, 6.75216625e-05, 0
1145, 9.0, 77.0, 0.0, 1, 7.129299e-05, 0
121, 1.0, 9.0, 0.0, 1, 0.00017290967500000002, 0
122, 3.0, 9.0, 0.0, 1, 0.00014103225, 0
123, 5.0, 9.0, 0.0, 1, 0.00011952260000000001, 0
124, 7.0, 9.0, 0.0, 1, 0.00010219704999999999, 0
125, 9.0, 9.0, 0.0, 1, 9.936774e-05, 0
1171, 1.0, 79.0, 0.0, 1, 6.42913975e-05, 0
1172, 3.0, 79.0, 0.0, 1, 7.72577275e-05, 0
1173, 5.0, 79.0, 0.0, 1, 8.66407625e-05, 0
1174, 7.0, 79.0, 0.0, 1, 9.01080075e-05, 0
151, 1.0, 11.0, 0.0, 1, 0.00020562577500000002, 0
152, 3.0, 11.0, 0.0, 1, 0.000139747675, 0
153, 5.0, 11.0, 0.0, 1, 0.000121737725, 0
154, 7.0, 11.0, 0.0, 1, 0.000106680775, 0
155, 9.0, 11.0, 0.0, 1, 0.000107434025, 0
1175, 9.0, 79.0, 0.0, 1, 8.6805745e-05, 0
1201, 1.0, 81.0, 0.0, 1, 0.000100558685, 0
1202, 3.0, 81.0, 0.0, 1, 0.0001147819925, 0
1203, 5.0, 81.0, 0.0, 1, 0.00012257404999999999, 0
1204, 7.0, 81.0, 0.0, 1, 0.000121302325, 0
1205, 9.0, 81.0, 0.0, 1, 0.00011225958499999999, 0
181, 1.0, 13.0, 0.0, 1, 0.00033641905, 0
182, 3.0, 13.0, 0.0, 1, 0.00016195125, 0
183, 5.0, 13.0, 0.0, 1, 0.00013519715, 0
184, 7.0, 13.0, 0.0, 1, 0.00011929017500000001, 0
185, 9.0, 13.0, 0.0, 1, 0.000118989925, 0
1218, 35.0, 81.0, 0.0, 1, 8.467225e-05, 0
1219, 37.0, 81.0, 0.0, 1, 8.552432499999999e-05, 0
1220, 39.0, 81.0, 0.0, 1, 0.00010799658, 0
1221, 41.0, 81.0, 0.0, 1, 0.00013253714249999998, 0
1222, 43.0, 81.0, 0.0, 1, 0.00012126235, 0
1223, 45.0, 81.0, 0.0, 1, 0.0001079713925, 0
1224, 47.0, 81.0, 0.0, 1, 9.185123249999999e-05, 0
1225, 49.0, 81.0, 0.0, 1, 8.65600025e-05, 0
1226, 51.0, 81.0, 0.0, 1, 8.210730000000001e-05, 0
1227, 53.0, 81.0, 0.0, 1, 7.84337225e-05, 0
1228, 55.0, 81.0, 0.0, 1, 7.650986249999999e-05, 0
1229, 57.0, 81.0, 0.0, 1, 7.90677625e-05, 0
1230, 59.0, 81.0, 0.0, 1, 9.200519499999999e-05, 0
1231, 1.0, 83.0, 0.0, 1, 0.00015204395, 0
1232, 3.0, 83.0, 0.0, 1, 0.0001689581, 0
1233, 5.0, 83.0, 0.0, 1, 0.000173436475, 0
1234, 7.0, 83.0, 0.0, 1, 0.000165494375, 0
1235, 9.0, 83.0, 0.0, 1, 0.00014982212500000002, 0
1248, 35.0, 83.0, 0.0, 1, 8.19370675e-05, 0
1249, 37.0, 83.0, 0.0, 1, 7.6267625e-05, 0
1250, 39.0, 83.0, 0.0, 1, 6.006042e-05, 0
1251, 41.0, 83.0, 0.0, 1, 7.99354625e-05, 0
1252, 43.0, 83.0, 0.0, 1, 0.000118674925, 0
1253, 45.0, 83.0, 0.0, 1, 0.00012190455000000002, 0
1254, 47.0, 83.0, 0.0, 1, 0.00010618969999999999, 0
1255, 49.0, 83.0, 0.0, 1, 9.43347725e-05, 0
1256, 51.0, 83.0, 0.0, 1, 8.663744749999999e-05, 0
1257, 53.0, 83.0, 0.0, 1, 8.14976875e-05, 0
1258, 55.0, 83.0, 0.0, 1, 7.823680999999999e-05, 0
1259, 57.0, 83.0, 0.0, 1, 7.710009e-05, 0
1260, 59.0, 83.0, 0.0, 1, 8.379376500000001e-05, 0
1261, 1.0, 85.0, 0.0, 1, 0.000229273125, 0
1262, 3.0, 85.0, 0.0, 1, 0.000248998975, 0
1263, 5.0, 85.0, 0.0, 1, 0.00024593014999999994, 0
1264, 7.0, 85.0, 0.0, 1, 0.00022310082499999999, 0
1265, 9.0, 85.0, 0.0, 1, 0.000197747525, 0
1278, 35.0, 85.0, 0.0, 1, 0.00011842611750000001, 0
1279, 37.0, 85.0, 0.0, 1, 0.0001127122525, 0
1280, 39.0, 85.0, 0.0, 1, 9.39921975e-05, 0
1281, 41.0, 85.0, 0.0, 1, 8.2827405e-05, 0
1282, 43.0, 85.0, 0.0, 1, 0.0001100311, 0
1283, 45.0, 85.0, 0.0, 1, 0.000119352075, 0
1284, 47.0, 85.0, 0.0, 1, 0.00011150205000000001, 0
1285, 49.0, 85.0, 0.0, 1, 9.98468325e-05, 0
1286, 51.0, 85.0, 0.0, 1, 9.0720615e-05, 0
1287, 53.0, 85.0, 0.0, 1, 8.48622275e-05, 0
1288, 55.0, 85.0, 0.0, 1, 8.1461565e-05, 0
1289, 57.0, 85.0, 0.0, 1, 7.63390075e-05, 0
1290, 59.0, 85.0, 0.0, 1, 6.97227525e-05, 0
1291, 1.0, 87.0, 0.0, 1, 0.00035676535, 0
1292, 3.0, 87.0, 0.0, 1, 0.0003849865, 0
1293, 5.0, 87.0, 0.0, 1, 0.00033454265, 0
1294, 7.0, 87.0, 0.0, 1, 0.000288598025, 0
1295, 9.0, 87.0, 0.0, 1, 0.00025126485000000003, 0
1308, 35.0, 87.0, 0.0, 1, 0.0001794171, 0
1309, 37.0, 87.0, 0.0, 1, 0.000176576375, 0
1310, 39.0, 87.0, 0.0, 1, 0.000159679575, 0
1311, 41.0, 87.0, 0.0, 1, 0.000137983075, 0
1312, 43.0, 87.0, 0.0, 1, 0.00011385238500000001, 0
1313, 45.0, 87.0, 0.0, 1, 0.00011401045, 0
1314, 47.0, 87.0, 0.0, 1, 0.00010974595, 0
1315, 49.0, 87.0, 0.0, 1, 0.0001014244575, 0
1316, 51.0, 87.0, 0.0, 1, 9.324199499999999e-05, 0
1317, 53.0, 87.0, 0.0, 1, 8.666332e-05, 0
1318, 55.0, 87.0, 0.0, 1, 8.2782615e-05, 0
1319, 57.0, 87.0, 0.0, 1, 7.84611075e-05, 0
1320, 59.0, 87.0, 0.0, 1, 5.4711135e-05, 0
1321, 1.0, 89.0, 0.0, 1, 0.0007128738, 0
1322, 3.0, 89.0, 0.0, 1, 0.000521250275, 0
1323, 5.0, 89.0, 0.0, 1, 0.00041196025, 0
1324, 7.0, 89.0, 0.0, 1, 0.000349330875, 0
1325, 9.0, 89.0, 0.0, 1, 0.00030392835, 0
1338, 35.0, 89.0, 0.0, 1, 0.00025402975, 0
1339, 37.0, 89.0, 0.0, 1, 0.0003607854, 0
1340, 39.0, 89.0, 0.0, 1, 0.000295904425, 0
1341, 41.0, 89.0, 0.0, 1, 0.000245373425, 0
1342, 43.0, 89.0, 0.0, 1, 0.00019995542500000002, 0
1343, 45.0, 89.0, 0.0, 1, 0.00016357655, 0
1344, 47.0, 89.0, 0.0, 1, 0.00013668807500000002, 0
1345, 49.0, 89.0, 0.0, 1, 0.0001172562, 0
1346, 51.0, 89.0, 0.0, 1, 0.000102453155, 0
1347, 53.0, 89.0, 0.0, 1, 9.0499525e-05, 0
1348, 55.0, 89.0, 0.0, 1, 8.21625775e-05, 0
1349, 57.0, 89.0, 0.0, 1, 7.43361425e-05, 0
1350, 59.0, 89.0, 0.0, 1, 4.44510725e-05, 0
1021, 1.0, 69.0, 0.0, 1, 6.0698175000000006e-05, 0
1022, 3.0, 69.0, 0.0, 1, 3.4138425e-05, 0
1023, 5.0, 69.0, 0.0, 1, 2.21273425e-05, 0
